Segment,F1,F2,F3,F4,F5,F6
S1,10.5518675,9.282191,9.25866,7.9809656,7.683619,7.576957
S2,9.282191,9.25866,7.9809656,7.683619,7.576957,8.059718
S3,9.25866,7.9809656,7.683619,7.576957,8.059718,8.212962
S4,7.9809656,7.683619,7.576957,8.059718,8.212962,8.020656
S5,7.683619,7.576957,8.059718,8.212962,8.020656,9.698474
S6,7.576957,8.059718,8.212962,8.020656,9.698474,10.288292
S7,8.059718,8.212962,8.020656,9.698474,10.288292,10.917993
S8,8.212962,8.020656,9.698474,10.288292,10.917993,9.82526
S9,8.020656,9.698474,10.288292,10.917993,9.82526,9.365775
S10,9.698474,10.288292,10.917993,9.82526,9.365775,7.6992493
S11,10.288292,10.917993,9.82526,9.365775,7.6992493,7.431064
S12,10.917993,9.82526,9.365775,7.6992493,7.431064,7.5808344
S13,9.82526,9.365775,7.6992493,7.431064,7.5808344,7.5127554
S14,9.365775,7.6992493,7.431064,7.5808344,7.5127554,7.305388
S15,7.6992493,7.431064,7.5808344,7.5127554,7.305388,7.2492867
S16,7.431064,7.5808344,7.5127554,7.305388,7.2492867,7.341301
S17,7.5808344,7.5127554,7.305388,7.2492867,7.341301,7.424168
S18,7.5127554,7.305388,7.2492867,7.341301,7.424168,7.648575
S19,7.305388,7.2492867,7.341301,7.424168,7.648575,7.4884834
S20,7.2492867,7.341301,7.424168,7.648575,7.4884834,7.3625035
S21,7.341301,7.424168,7.648575,7.4884834,7.3625035,8.72754
S22,7.424168,7.648575,7.4884834,7.3625035,8.72754,9.161484
S23,7.648575,7.4884834,7.3625035,8.72754,9.161484,7.72546
S24,7.4884834,7.3625035,8.72754,9.161484,7.72546,7.2630386
S25,7.3625035,8.72754,9.161484,7.72546,7.2630386,7.2249284
S26,8.72754,9.161484,7.72546,7.2630386,7.2249284,8.101559
S27,9.161484,7.72546,7.2630386,7.2249284,8.101559,8.013257
S28,7.72546,7.2630386,7.2249284,8.101559,8.013257,7.5864525
S29,7.2630386,7.2249284,8.101559,8.013257,7.5864525,8.794748
S30,7.2249284,8.101559,8.013257,7.5864525,8.794748,9.054524
S31,8.101559,8.013257,7.5864525,8.794748,9.054524,9.13429
S32,8.013257,7.5864525,8.794748,9.054524,9.13429,9.187236
S33,7.5864525,8.794748,9.054524,9.13429,9.187236,9.002911
S34,8.794748,9.054524,9.13429,9.187236,9.002911,8.806709
S35,9.054524,9.13429,9.187236,9.002911,8.806709,8.476048
S36,9.13429,9.187236,9.002911,8.806709,8.476048,8.14905
S37,9.187236,9.002911,8.806709,8.476048,8.14905,7.5896378
S38,9.002911,8.806709,8.476048,8.14905,7.5896378,8.111161
S39,8.806709,8.476048,8.14905,7.5896378,8.111161,7.4842367
S40,8.476048,8.14905,7.5896378,8.111161,7.4842367,7.4667754
S41,8.14905,7.5896378,8.111161,7.4842367,7.4667754,7.3625035
S42,7.5896378,8.111161,7.4842367,7.4667754,7.3625035,8.1104965
S43,8.111161,7.4842367,7.4667754,7.3625035,8.1104965,8.243061
S44,7.4842367,7.4667754,7.3625035,8.1104965,8.243061,7.38511
S45,7.4667754,7.3625035,8.1104965,8.243061,7.38511,7.203477
S46,7.3625035,8.1104965,8.243061,7.38511,7.203477,7.7777452
S47,8.1104965,8.243061,7.38511,7.203477,7.7777452,8.610731
S48,8.243061,7.38511,7.203477,7.7777452,8.610731,8.840961
S49,7.38511,7.203477,7.7777452,8.610731,8.840961,9.137813
S50,7.203477,7.7777452,8.610731,8.840961,9.137813,9.034553
S51,7.7777452,8.610731,8.840961,9.137813,9.034553,9.159266
S52,8.610731,8.840961,9.137813,9.034553,9.159266,9.2421055
S53,8.840961,9.137813,9.034553,9.159266,9.2421055,9.278161
S54,9.137813,9.034553,9.159266,9.2421055,9.278161,8.22052
S55,9.034553,9.159266,9.2421055,9.278161,8.22052,8.3375225
S56,9.159266,9.2421055,9.278161,8.22052,8.3375225,8.956514
S57,9.2421055,9.278161,8.22052,8.3375225,8.956514,8.077282
S58,9.278161,8.22052,8.3375225,8.956514,8.077282,9.473705
S59,8.22052,8.3375225,8.956514,8.077282,9.473705,10.540205
S60,8.3375225,8.956514,8.077282,9.473705,10.540205,9.730923
S61,8.956514,8.077282,9.473705,10.540205,9.730923,9.251111
S62,8.077282,9.473705,10.540205,9.730923,9.251111,9.205969
S63,9.473705,10.540205,9.730923,9.251111,9.205969,9.158133
S64,10.540205,9.730923,9.251111,9.205969,9.158133,7.784435
S65,9.730923,9.251111,9.205969,9.158133,7.784435,7.453827
S66,9.251111,9.205969,9.158133,7.784435,7.453827,7.5164337
S67,9.205969,9.158133,7.784435,7.453827,7.5164337,7.483179
S68,9.158133,7.784435,7.453827,7.5164337,7.483179,8.130549
S69,7.784435,7.453827,7.5164337,7.483179,8.130549,9.1518755
S70,7.453827,7.5164337,7.483179,8.130549,9.1518755,7.7521443
S71,7.5164337,7.483179,8.130549,9.1518755,7.7521443,7.51168
S72,7.483179,8.130549,9.1518755,7.7521443,7.51168,7.3625035
S73,8.130549,9.1518755,7.7521443,7.51168,7.3625035,7.3136706
S74,9.1518755,7.7521443,7.51168,7.3625035,7.3136706,7.2705584
S75,7.7521443,7.51168,7.3625035,7.3136706,7.2705584,7.204668
S76,7.51168,7.3625035,7.3136706,7.2705584,7.204668,11.5296135
S77,7.3625035,7.3136706,7.2705584,7.204668,11.5296135,10.55613
S78,7.3136706,7.2705584,7.204668,11.5296135,10.55613,10.184181
S79,7.2705584,7.204668,11.5296135,10.55613,10.184181,10.000525
S80,7.204668,11.5296135,10.55613,10.184181,10.000525,10.16906
S81,11.5296135,10.55613,10.184181,10.000525,10.16906,10.271955
S82,10.55613,10.184181,10.000525,10.16906,10.271955,8.008433
S83,10.184181,10.000525,10.16906,10.271955,8.008433,9.148978
S84,10.000525,10.16906,10.271955,8.008433,9.148978,10.207952
S85,10.16906,10.271955,8.008433,9.148978,10.207952,11.229934
S86,10.271955,8.008433,9.148978,10.207952,11.229934,9.492469
S87,8.008433,9.148978,10.207952,11.229934,9.492469,10.684004
S88,9.148978,10.207952,11.229934,9.492469,10.684004,10.044896
S89,10.207952,11.229934,9.492469,10.684004,10.044896,10.457785
S90,11.229934,9.492469,10.684004,10.044896,10.457785,9.069942
S91,9.492469,10.684004,10.044896,10.457785,9.069942,9.650069
S92,10.684004,10.044896,10.457785,9.069942,9.650069,9.687837
S93,10.044896,10.457785,9.069942,9.650069,9.687837,9.655439
S94,10.457785,9.069942,9.650069,9.687837,9.655439,9.982471
S95,9.069942,9.650069,9.687837,9.655439,9.982471,9.481664
S96,9.650069,9.687837,9.655439,9.982471,9.481664,9.115006
S97,9.687837,9.655439,9.982471,9.481664,9.115006,9.0702095
S98,9.655439,9.982471,9.481664,9.115006,9.0702095,8.537629
S99,9.982471,9.481664,9.115006,9.0702095,8.537629,8.445358
S100,9.481664,9.115006,9.0702095,8.537629,8.445358,8.1522665
S101,9.115006,9.0702095,8.537629,8.445358,8.1522665,7.3865104
S102,9.0702095,8.537629,8.445358,8.1522665,7.3865104,7.901999
S103,8.537629,8.445358,8.1522665,7.3865104,7.901999,13.183983
S104,8.445358,8.1522665,7.3865104,7.901999,13.183983,11.501038
S105,8.1522665,7.3865104,7.901999,13.183983,11.501038,12.822165
S106,7.3865104,7.901999,13.183983,11.501038,12.822165,10.783552
S107,7.901999,13.183983,11.501038,12.822165,10.783552,8.137633
S108,13.183983,11.501038,12.822165,10.783552,8.137633,7.8010974
S109,11.501038,12.822165,10.783552,8.137633,7.8010974,7.2943993
S110,12.822165,10.783552,8.137633,7.8010974,7.2943993,8.736684
S111,10.783552,8.137633,7.8010974,7.2943993,8.736684,9.397514
S112,8.137633,7.8010974,7.2943993,8.736684,9.397514,9.7003
S113,7.8010974,7.2943993,8.736684,9.397514,9.7003,10.497001
S114,7.2943993,8.736684,9.397514,9.7003,10.497001,10.154408
S115,8.736684,9.397514,9.7003,10.497001,10.154408,9.198717
S116,9.397514,9.7003,10.497001,10.154408,9.198717,9.66774
S117,9.7003,10.497001,10.154408,9.198717,9.66774,8.50441
S118,10.497001,10.154408,9.198717,9.66774,8.50441,8.07431
S119,10.154408,9.198717,9.66774,8.50441,8.07431,7.7262917
S120,9.198717,9.66774,8.50441,8.07431,7.7262917,7.916687
S121,9.66774,8.50441,8.07431,7.7262917,7.916687,8.605301
S122,8.50441,8.07431,7.7262917,7.916687,8.605301,7.7976
S123,8.07431,7.7262917,7.916687,8.605301,7.7976,7.880395
S124,7.7262917,7.916687,8.605301,7.7976,7.880395,8.140064
S125,7.916687,8.605301,7.7976,7.880395,8.140064,8.057098
S126,8.605301,7.7976,7.880395,8.140064,8.057098,8.754421
S127,7.7976,7.880395,8.140064,8.057098,8.754421,8.875651
S128,7.880395,8.140064,8.057098,8.754421,8.875651,9.084382
S129,8.140064,8.057098,8.754421,8.875651,9.084382,7.685819
S130,8.057098,8.754421,8.875651,9.084382,7.685819,7.3572454
S131,8.754421,8.875651,9.084382,7.685819,7.3572454,7.2494926
S132,8.875651,9.084382,7.685819,7.3572454,7.2494926,7.3572206
S133,9.084382,7.685819,7.3572454,7.2494926,7.3572206,7.3898954
S134,7.685819,7.3572454,7.2494926,7.3572206,7.3898954,7.238307
S135,7.3572454,7.2494926,7.3572206,7.3898954,7.238307,7.2444725
S136,7.2494926,7.3572206,7.3898954,7.238307,7.2444725,7.21766
S137,7.3572206,7.3898954,7.238307,7.2444725,7.21766,7.3312798
S138,7.3898954,7.238307,7.2444725,7.21766,7.3312798,8.829262
S139,7.238307,7.2444725,7.21766,7.3312798,8.829262,9.156901
S140,7.2444725,7.21766,7.3312798,8.829262,9.156901,8.965435
S141,7.21766,7.3312798,8.829262,9.156901,8.965435,8.478793
S142,7.3312798,8.829262,9.156901,8.965435,8.478793,7.979202
S143,8.829262,9.156901,8.965435,8.478793,7.979202,8.596276
S144,9.156901,8.965435,8.478793,7.979202,8.596276,7.4699216
S145,8.965435,8.478793,7.979202,8.596276,7.4699216,8.594389
S146,8.478793,7.979202,8.596276,7.4699216,8.594389,7.9516296
S147,7.979202,8.596276,7.4699216,8.594389,7.9516296,8.1655035
S148,8.596276,7.4699216,8.594389,7.9516296,8.1655035,8.67045
S149,7.4699216,8.594389,7.9516296,8.1655035,8.67045,9.19011
S150,8.594389,7.9516296,8.1655035,8.67045,9.19011,8.292012
S151,7.9516296,8.1655035,8.67045,9.19011,8.292012,8.851225
S152,8.1655035,8.67045,9.19011,8.292012,8.851225,8.9352455
S153,8.67045,9.19011,8.292012,8.851225,8.9352455,8.909491
S154,9.19011,8.292012,8.851225,8.9352455,8.909491,7.4265995
S155,8.292012,8.851225,8.9352455,8.909491,7.4265995,8.53421
S156,8.851225,8.9352455,8.909491,7.4265995,8.53421,7.581218
S157,8.9352455,8.909491,7.4265995,8.53421,7.581218,7.269236
S158,8.909491,7.4265995,8.53421,7.581218,7.269236,7.209012
S159,7.4265995,8.53421,7.581218,7.269236,7.209012,7.3053823
S160,8.53421,7.581218,7.269236,7.209012,7.3053823,7.227008
S161,7.581218,7.269236,7.209012,7.3053823,7.227008,7.30516
S162,7.269236,7.209012,7.3053823,7.227008,7.30516,7.3625035
S163,7.209012,7.3053823,7.227008,7.30516,7.3625035,8.604265
S164,7.3053823,7.227008,7.30516,7.3625035,8.604265,7.4428477
S165,7.227008,7.30516,7.3625035,8.604265,7.4428477,7.1574903
S166,7.30516,7.3625035,8.604265,7.4428477,7.1574903,7.285473
S167,7.3625035,8.604265,7.4428477,7.1574903,7.285473,8.568325
S168,8.604265,7.4428477,7.1574903,7.285473,8.568325,8.700108
S169,7.4428477,7.1574903,7.285473,8.568325,8.700108,8.173543
S170,7.1574903,7.285473,8.568325,8.700108,8.173543,8.634009
S171,7.285473,8.568325,8.700108,8.173543,8.634009,8.952322
S172,8.568325,8.700108,8.173543,8.634009,8.952322,8.882294
S173,8.700108,8.173543,8.634009,8.952322,8.882294,7.9858027
S174,8.173543,8.634009,8.952322,8.882294,7.9858027,7.414754
S175,8.634009,8.952322,8.882294,7.9858027,7.414754,7.369622
S176,8.952322,8.882294,7.9858027,7.414754,7.369622,7.74798
S177,8.882294,7.9858027,7.414754,7.369622,7.74798,7.623476
S178,7.9858027,7.414754,7.369622,7.74798,7.623476,7.3330593
S179,7.414754,7.369622,7.74798,7.623476,7.3330593,7.1821995
S180,7.369622,7.74798,7.623476,7.3330593,7.1821995,7.1821995
S181,7.74798,7.623476,7.3330593,7.1821995,7.1821995,7.3312798
S182,7.623476,7.3330593,7.1821995,7.1821995,7.3312798,7.329328
S183,7.3330593,7.1821995,7.1821995,7.3312798,7.329328,7.203477
S184,7.1821995,7.1821995,7.3312798,7.329328,7.203477,7.16283
S185,7.1821995,7.3312798,7.329328,7.203477,7.16283,7.1114316
S186,7.3312798,7.329328,7.203477,7.16283,7.1114316,7.1448646
S187,7.329328,7.203477,7.16283,7.1114316,7.1448646,8.53683
S188,7.203477,7.16283,7.1114316,7.1448646,8.53683,7.3654513
S189,7.16283,7.1114316,7.1448646,8.53683,7.3654513,7.545724
S190,7.1114316,7.1448646,8.53683,7.3654513,7.545724,7.198219
S191,7.1448646,8.53683,7.3654513,7.545724,7.198219,7.433865
S192,8.53683,7.3654513,7.545724,7.198219,7.433865,7.5171237
S193,7.3654513,7.545724,7.198219,7.433865,7.5171237,7.280215
S194,7.545724,7.198219,7.433865,7.5171237,7.280215,7.5452595
S195,7.198219,7.433865,7.5171237,7.280215,7.5452595,7.5864525
S196,7.433865,7.5171237,7.280215,7.5452595,7.5864525,7.5864525
S197,7.5171237,7.280215,7.5452595,7.5864525,7.5864525,8.540069
S198,7.280215,7.5452595,7.5864525,7.5864525,8.540069,8.914894
S199,7.5452595,7.5864525,7.5864525,8.540069,8.914894,7.589995
S200,7.5864525,7.5864525,8.540069,8.914894,7.589995,8.8874445
S201,7.5864525,8.540069,8.914894,7.589995,8.8874445,9.0426035
S202,8.540069,8.914894,7.589995,8.8874445,9.0426035,7.7351465
S203,8.914894,7.589995,8.8874445,9.0426035,7.7351465,7.4007826
S204,7.589995,8.8874445,9.0426035,7.7351465,7.4007826,7.2913303
S205,8.8874445,9.0426035,7.7351465,7.4007826,7.2913303,7.3360744
S206,9.0426035,7.7351465,7.4007826,7.2913303,7.3360744,7.444725
S207,7.7351465,7.4007826,7.2913303,7.3360744,7.444725,7.238307
S208,7.4007826,7.2913303,7.3360744,7.444725,7.238307,7.4491568
S209,7.2913303,7.3360744,7.444725,7.238307,7.4491568,7.916819
S210,7.3360744,7.444725,7.238307,7.4491568,7.916819,7.389824
S211,7.444725,7.238307,7.4491568,7.916819,7.389824,8.463357
S212,7.238307,7.4491568,7.916819,7.389824,8.463357,8.167799
S213,7.4491568,7.916819,7.389824,8.463357,8.167799,8.72754
S214,7.916819,7.389824,8.463357,8.167799,8.72754,9.161484
S215,7.389824,8.463357,8.167799,8.72754,9.161484,9.3323555
S216,8.463357,8.167799,8.72754,9.161484,9.3323555,9.296889
S217,8.167799,8.72754,9.161484,9.3323555,9.296889,12.660258
S218,8.72754,9.161484,9.3323555,9.296889,12.660258,13.795611
S219,9.161484,9.3323555,9.296889,12.660258,13.795611,13.662928
S220,9.3323555,9.296889,12.660258,13.795611,13.662928,11.210138
S221,9.296889,12.660258,13.795611,13.662928,11.210138,10.103574
S222,12.660258,13.795611,13.662928,11.210138,10.103574,10.024137
S223,13.795611,13.662928,11.210138,10.103574,10.024137,10.016733
S224,13.662928,11.210138,10.103574,10.024137,10.016733,10.467814
S225,11.210138,10.103574,10.024137,10.016733,10.467814,11.395078
S226,10.103574,10.024137,10.016733,10.467814,11.395078,11.6840725
S227,10.024137,10.016733,10.467814,11.395078,11.6840725,10.829838
S228,10.016733,10.467814,11.395078,11.6840725,10.829838,10.351448
S229,10.467814,11.395078,11.6840725,10.829838,10.351448,10.062273
S230,11.395078,11.6840725,10.829838,10.351448,10.062273,10.046392
S231,11.6840725,10.829838,10.351448,10.062273,10.046392,10.458413
S232,10.829838,10.351448,10.062273,10.046392,10.458413,9.187831
S233,10.351448,10.062273,10.046392,10.458413,9.187831,9.185145
S234,10.062273,10.046392,10.458413,9.187831,9.185145,8.226727
S235,10.046392,10.458413,9.187831,9.185145,8.226727,8.564946
S236,10.458413,9.187831,9.185145,8.226727,8.564946,7.9332805
S237,9.187831,9.185145,8.226727,8.564946,7.9332805,9.071201
S238,9.185145,8.226727,8.564946,7.9332805,9.071201,9.07249
S239,8.226727,8.564946,7.9332805,9.071201,9.07249,8.048869
S240,8.564946,7.9332805,9.071201,9.07249,8.048869,7.7573233
S241,7.9332805,9.071201,9.07249,8.048869,7.7573233,8.564125
S242,9.071201,9.07249,8.048869,7.7573233,8.564125,8.974001
S243,9.07249,8.048869,7.7573233,8.564125,8.974001,9.069489
S244,8.048869,7.7573233,8.564125,8.974001,9.069489,9.18993
S245,7.7573233,8.564125,8.974001,9.069489,9.18993,9.213474
S246,8.564125,8.974001,9.069489,9.18993,9.213474,11.959979
S247,8.974001,9.069489,9.18993,9.213474,11.959979,14.182574
S248,9.069489,9.18993,9.213474,11.959979,14.182574,23.934883
S249,9.18993,9.213474,11.959979,14.182574,23.934883,18.385538
S250,9.213474,11.959979,14.182574,23.934883,18.385538,18.56078
S251,11.959979,14.182574,23.934883,18.385538,18.56078,13.361191
S252,14.182574,23.934883,18.385538,18.56078,13.361191,14.527994
S253,23.934883,18.385538,18.56078,13.361191,14.527994,12.513066
S254,18.385538,18.56078,13.361191,14.527994,12.513066,10.665603
S255,18.56078,13.361191,14.527994,12.513066,10.665603,10.464196
S256,13.361191,14.527994,12.513066,10.665603,10.464196,10.573516
S257,14.527994,12.513066,10.665603,10.464196,10.573516,11.621704
S258,12.513066,10.665603,10.464196,10.573516,11.621704,11.585297
S259,10.665603,10.464196,10.573516,11.621704,11.585297,10.881464
S260,10.464196,10.573516,11.621704,11.585297,10.881464,10.4684305
S261,10.573516,11.621704,11.585297,10.881464,10.4684305,10.40743
S262,11.621704,11.585297,10.881464,10.4684305,10.40743,9.851813
S263,11.585297,10.881464,10.4684305,10.40743,9.851813,9.423556
S264,10.881464,10.4684305,10.40743,9.851813,9.423556,9.015716
S265,10.4684305,10.40743,9.851813,9.423556,9.015716,9.049314
S266,10.40743,9.851813,9.423556,9.015716,9.049314,11.904301
S267,9.851813,9.423556,9.015716,9.049314,11.904301,9.793367
S268,9.423556,9.015716,9.049314,11.904301,9.793367,8.97058
S269,9.015716,9.049314,11.904301,9.793367,8.97058,8.888384
S270,9.049314,11.904301,9.793367,8.97058,8.888384,14.908197
S271,11.904301,9.793367,8.97058,8.888384,14.908197,18.111807
S272,9.793367,8.97058,8.888384,14.908197,18.111807,19.294952
S273,8.97058,8.888384,14.908197,18.111807,19.294952,15.616906
S274,8.888384,14.908197,18.111807,19.294952,15.616906,20.188549
S275,14.908197,18.111807,19.294952,15.616906,20.188549,13.6558895
S276,18.111807,19.294952,15.616906,20.188549,13.6558895,13.335665
S277,19.294952,15.616906,20.188549,13.6558895,13.335665,11.119759
S278,15.616906,20.188549,13.6558895,13.335665,11.119759,9.5890465
S279,20.188549,13.6558895,13.335665,11.119759,9.5890465,9.9852495
S280,13.6558895,13.335665,11.119759,9.5890465,9.9852495,10.252836
S281,13.335665,11.119759,9.5890465,9.9852495,10.252836,10.582334
S282,11.119759,9.5890465,9.9852495,10.252836,10.582334,10.140814
S283,9.5890465,9.9852495,10.252836,10.582334,10.140814,9.013611
S284,9.9852495,10.252836,10.582334,10.140814,9.013611,9.057274
S285,10.252836,10.582334,10.140814,9.013611,9.057274,10.403661
S286,10.582334,10.140814,9.013611,9.057274,10.403661,9.672297
S287,10.140814,9.013611,9.057274,10.403661,9.672297,9.372262
S288,9.013611,9.057274,10.403661,9.672297,9.372262,9.251118
S289,9.057274,10.403661,9.672297,9.372262,9.251118,13.889132
S290,10.403661,9.672297,9.372262,9.251118,13.889132,17.378286
S291,9.672297,9.372262,9.251118,13.889132,17.378286,18.746765
S292,9.372262,9.251118,13.889132,17.378286,18.746765,19.58299
S293,9.251118,13.889132,17.378286,18.746765,19.58299,19.715815
S294,13.889132,17.378286,18.746765,19.58299,19.715815,20.57109
S295,17.378286,18.746765,19.58299,19.715815,20.57109,19.099873
S296,18.746765,19.58299,19.715815,20.57109,19.099873,11.794558
S297,19.58299,19.715815,20.57109,19.099873,11.794558,11.539787
S298,19.715815,20.57109,19.099873,11.794558,11.539787,13.478091
S299,20.57109,19.099873,11.794558,11.539787,13.478091,13.127339
S300,19.099873,11.794558,11.539787,13.478091,13.127339,11.731377
S301,11.794558,11.539787,13.478091,13.127339,11.731377,11.620568
S302,11.539787,13.478091,13.127339,11.731377,11.620568,11.01858
S303,13.478091,13.127339,11.731377,11.620568,11.01858,10.542771
S304,13.127339,11.731377,11.620568,11.01858,10.542771,9.96849
S305,11.731377,11.620568,11.01858,10.542771,9.96849,9.785112
S306,11.620568,11.01858,10.542771,9.96849,9.785112,8.211382
S307,11.01858,10.542771,9.96849,9.785112,8.211382,9.984368
S308,10.542771,9.96849,9.785112,8.211382,9.984368,10.269616
S309,9.96849,9.785112,8.211382,9.984368,10.269616,9.3323555
S310,9.785112,8.211382,9.984368,10.269616,9.3323555,9.373852
S311,8.211382,9.984368,10.269616,9.3323555,9.373852,9.314454
S312,9.984368,10.269616,9.3323555,9.373852,9.314454,9.346188
S313,10.269616,9.3323555,9.373852,9.314454,9.346188,9.208337
S314,9.3323555,9.373852,9.314454,9.346188,9.208337,9.226433
S315,9.373852,9.314454,9.346188,9.208337,9.226433,9.365536
S316,9.314454,9.346188,9.208337,9.226433,9.365536,8.55478
S317,9.346188,9.208337,9.226433,9.365536,8.55478,9.850301
S318,9.208337,9.226433,9.365536,8.55478,9.850301,10.211113
S319,9.226433,9.365536,8.55478,9.850301,10.211113,9.855616
S320,9.365536,8.55478,9.850301,10.211113,9.855616,10.336565
S321,8.55478,9.850301,10.211113,9.855616,10.336565,8.633784
S322,9.850301,10.211113,9.855616,10.336565,8.633784,9.035125
S323,10.211113,9.855616,10.336565,8.633784,9.035125,9.302751
S324,9.855616,10.336565,8.633784,9.035125,9.302751,8.394613
S325,10.336565,8.633784,9.035125,9.302751,8.394613,7.357994
S326,8.633784,9.035125,9.302751,8.394613,7.357994,7.290139
S327,9.035125,9.302751,8.394613,7.357994,7.290139,7.28146
S328,9.302751,8.394613,7.357994,7.290139,7.28146,7.2576766
S329,8.394613,7.357994,7.290139,7.28146,7.2576766,7.1896424
S330,7.357994,7.290139,7.28146,7.2576766,7.1896424,7.341301
S331,7.290139,7.28146,7.2576766,7.1896424,7.341301,8.888795
S332,7.28146,7.2576766,7.1896424,7.341301,8.888795,7.6440163
S333,7.2576766,7.1896424,7.341301,8.888795,7.6440163,8.818421
S334,7.1896424,7.341301,8.888795,7.6440163,8.818421,7.9803667
S335,7.341301,8.888795,7.6440163,8.818421,7.9803667,7.284881
S336,8.888795,7.6440163,8.818421,7.9803667,7.284881,7.3258734
S337,7.6440163,8.818421,7.9803667,7.284881,7.3258734,8.00276
S338,8.818421,7.9803667,7.284881,7.3258734,8.00276,8.82904
S339,7.9803667,7.284881,7.3258734,8.00276,8.82904,8.8508415
S340,7.284881,7.3258734,8.00276,8.82904,8.8508415,8.841991
S341,7.3258734,8.00276,8.82904,8.8508415,8.841991,8.287737
S342,8.00276,8.82904,8.8508415,8.841991,8.287737,7.6823974
S343,8.82904,8.8508415,8.841991,8.287737,7.6823974,8.704392
S344,8.8508415,8.841991,8.287737,7.6823974,8.704392,9.060569
S345,8.841991,8.287737,7.6823974,8.704392,9.060569,8.286422
S346,8.287737,7.6823974,8.704392,9.060569,8.286422,7.505916
S347,7.6823974,8.704392,9.060569,8.286422,7.505916,7.2682495
S348,8.704392,9.060569,8.286422,7.505916,7.2682495,7.580213
S349,9.060569,8.286422,7.505916,7.2682495,7.580213,7.6112766
S350,8.286422,7.505916,7.2682495,7.580213,7.6112766,7.365532
S351,7.505916,7.2682495,7.580213,7.6112766,7.365532,7.680889
S352,7.2682495,7.580213,7.6112766,7.365532,7.680889,7.3739796
S353,7.580213,7.6112766,7.365532,7.680889,7.3739796,7.957756
S354,7.6112766,7.365532,7.680889,7.3739796,7.957756,8.197156
S355,7.365532,7.680889,7.3739796,7.957756,8.197156,8.092818
S356,7.680889,7.3739796,7.957756,8.197156,8.092818,7.320932
S357,7.3739796,7.957756,8.197156,8.092818,7.320932,7.1291914
S358,7.957756,8.197156,8.092818,7.320932,7.1291914,8.72754
S359,8.197156,8.092818,7.320932,7.1291914,8.72754,9.161484
S360,8.092818,7.320932,7.1291914,8.72754,9.161484,9.18993
S361,7.320932,7.1291914,8.72754,9.161484,9.18993,9.225396
S362,7.1291914,8.72754,9.161484,9.18993,9.225396,9.276161
S363,8.72754,9.161484,9.18993,9.225396,9.276161,9.260196
S364,9.161484,9.18993,9.225396,9.276161,9.260196,9.367155
S365,9.18993,9.225396,9.276161,9.260196,9.367155,9.260196
S366,9.225396,9.276161,9.260196,9.367155,9.260196,9.278161
S367,9.276161,9.260196,9.367155,9.260196,9.278161,13.779742
S368,9.260196,9.367155,9.260196,9.278161,13.779742,16.755386
S369,9.367155,9.260196,9.278161,13.779742,16.755386,15.941467
S370,9.260196,9.278161,13.779742,16.755386,15.941467,21.480068
S371,9.278161,13.779742,16.755386,15.941467,21.480068,14.576009
S372,13.779742,16.755386,15.941467,21.480068,14.576009,15.714371
S373,16.755386,15.941467,21.480068,14.576009,15.714371,12.915238
S374,15.941467,21.480068,14.576009,15.714371,12.915238,10.647754
S375,21.480068,14.576009,15.714371,12.915238,10.647754,10.810178
S376,14.576009,15.714371,12.915238,10.647754,10.810178,11.513453
S377,15.714371,12.915238,10.647754,10.810178,11.513453,10.602146
S378,12.915238,10.647754,10.810178,11.513453,10.602146,11.044982
S379,10.647754,10.810178,11.513453,10.602146,11.044982,9.503146
S380,10.810178,11.513453,10.602146,11.044982,9.503146,9.259068
S381,11.513453,10.602146,11.044982,9.503146,9.259068,10.463706
S382,10.602146,11.044982,9.503146,9.259068,10.463706,9.985572
S383,11.044982,9.503146,9.259068,10.463706,9.985572,9.873258
S384,9.503146,9.259068,10.463706,9.985572,9.873258,11.670788
S385,9.259068,10.463706,9.985572,9.873258,11.670788,13.134431
S386,10.463706,9.985572,9.873258,11.670788,13.134431,11.021931
S387,9.985572,9.873258,11.670788,13.134431,11.021931,10.360422
S388,9.873258,11.670788,13.134431,11.021931,10.360422,15.156261
S389,11.670788,13.134431,11.021931,10.360422,15.156261,17.960978
S390,13.134431,11.021931,10.360422,15.156261,17.960978,19.232677
S391,11.021931,10.360422,15.156261,17.960978,19.232677,19.395832
S392,10.360422,15.156261,17.960978,19.232677,19.395832,21.52489
S393,15.156261,17.960978,19.232677,19.395832,21.52489,24.66161
S394,17.960978,19.232677,19.395832,21.52489,24.66161,31.572615
S395,19.232677,19.395832,21.52489,24.66161,31.572615,19.981104
S396,19.395832,21.52489,24.66161,31.572615,19.981104,16.59512
S397,21.52489,24.66161,31.572615,19.981104,16.59512,15.29346
S398,24.66161,31.572615,19.981104,16.59512,15.29346,13.565796
S399,31.572615,19.981104,16.59512,15.29346,13.565796,11.521375
S400,19.981104,16.59512,15.29346,13.565796,11.521375,12.036091
S401,16.59512,15.29346,13.565796,11.521375,12.036091,11.412542
S402,15.29346,13.565796,11.521375,12.036091,11.412542,10.7379055
S403,13.565796,11.521375,12.036091,11.412542,10.7379055,10.554856
S404,11.521375,12.036091,11.412542,10.7379055,10.554856,9.809767
S405,12.036091,11.412542,10.7379055,10.554856,9.809767,10.446955
S406,11.412542,10.7379055,10.554856,9.809767,10.446955,8.389249
S407,10.7379055,10.554856,9.809767,10.446955,8.389249,9.424733
S408,10.554856,9.809767,10.446955,8.389249,9.424733,8.39897
S409,9.809767,10.446955,8.389249,9.424733,8.39897,11.418627
S410,10.446955,8.389249,9.424733,8.39897,11.418627,8.616582
S411,8.389249,9.424733,8.39897,11.418627,8.616582,8.231865
S412,9.424733,8.39897,11.418627,8.616582,8.231865,7.5033894
S413,8.39897,11.418627,8.616582,8.231865,7.5033894,7.439691
S414,11.418627,8.616582,8.231865,7.5033894,7.439691,7.388786
S415,8.616582,8.231865,7.5033894,7.439691,7.388786,8.149543
S416,8.231865,7.5033894,7.439691,7.388786,8.149543,9.05169
S417,7.5033894,7.439691,7.388786,8.149543,9.05169,10.769341
S418,7.439691,7.388786,8.149543,9.05169,10.769341,8.880136
S419,7.388786,8.149543,9.05169,10.769341,8.880136,8.521532
S420,8.149543,9.05169,10.769341,8.880136,8.521532,8.224471
S421,9.05169,10.769341,8.880136,8.521532,8.224471,7.1788297
S422,10.769341,8.880136,8.521532,8.224471,7.1788297,7.243756
S423,8.880136,8.521532,8.224471,7.1788297,7.243756,7.1676445
S424,8.521532,8.224471,7.1788297,7.243756,7.1676445,7.1552143
S425,8.224471,7.1788297,7.243756,7.1676445,7.1552143,7.603867
S426,7.1788297,7.243756,7.1676445,7.1552143,7.603867,8.691855
S427,7.243756,7.1676445,7.1552143,7.603867,8.691855,10.309442
S428,7.1676445,7.1552143,7.603867,8.691855,10.309442,15.805948
S429,7.1552143,7.603867,8.691855,10.309442,15.805948,15.875962
S430,7.603867,8.691855,10.309442,15.805948,15.875962,17.50112
S431,8.691855,10.309442,15.805948,15.875962,17.50112,18.721813
S432,10.309442,15.805948,15.875962,17.50112,18.721813,19.363243
S433,15.805948,15.875962,17.50112,18.721813,19.363243,20.420057
S434,15.875962,17.50112,18.721813,19.363243,20.420057,14.212122
S435,17.50112,18.721813,19.363243,20.420057,14.212122,11.405018
S436,18.721813,19.363243,20.420057,14.212122,11.405018,12.8932705
S437,19.363243,20.420057,14.212122,11.405018,12.8932705,16.312805
S438,20.420057,14.212122,11.405018,12.8932705,16.312805,14.71403
S439,14.212122,11.405018,12.8932705,16.312805,14.71403,12.271023
S440,11.405018,12.8932705,16.312805,14.71403,12.271023,12.5814085
S441,12.8932705,16.312805,14.71403,12.271023,12.5814085,11.270114
S442,16.312805,14.71403,12.271023,12.5814085,11.270114,16.716557
S443,14.71403,12.271023,12.5814085,11.270114,16.716557,14.150588
S444,12.271023,12.5814085,11.270114,16.716557,14.150588,9.99202
S445,12.5814085,11.270114,16.716557,14.150588,9.99202,8.428195
S446,11.270114,16.716557,14.150588,9.99202,8.428195,7.9530396
S447,16.716557,14.150588,9.99202,8.428195,7.9530396,8.494455
S448,14.150588,9.99202,8.428195,7.9530396,8.494455,8.407238
S449,9.99202,8.428195,7.9530396,8.494455,8.407238,7.4462543
S450,8.428195,7.9530396,8.494455,8.407238,7.4462543,7.655284
S451,7.9530396,8.494455,8.407238,7.4462543,7.655284,7.5136147
S452,8.494455,8.407238,7.4462543,7.655284,7.5136147,8.09185
S453,8.407238,7.4462543,7.655284,7.5136147,8.09185,8.581755
S454,7.4462543,7.655284,7.5136147,8.09185,8.581755,8.726689
S455,7.655284,7.5136147,8.09185,8.581755,8.726689,7.3654513
S456,7.5136147,8.09185,8.581755,8.726689,7.3654513,7.2394867
S457,8.09185,8.581755,8.726689,7.3654513,7.2394867,7.8808036
S458,8.581755,8.726689,7.3654513,7.2394867,7.8808036,8.110789
S459,8.726689,7.3654513,7.2394867,7.8808036,8.110789,8.634009
S460,7.3654513,7.2394867,7.8808036,8.110789,8.634009,8.8474655
S461,7.2394867,7.8808036,8.110789,8.634009,8.8474655,8.826599
S462,7.8808036,8.110789,8.634009,8.8474655,8.826599,8.728212
S463,8.110789,8.634009,8.8474655,8.826599,8.728212,8.60993
S464,8.634009,8.8474655,8.826599,8.728212,8.60993,8.788077
S465,8.8474655,8.826599,8.728212,8.60993,8.788077,8.763061
S466,8.826599,8.728212,8.60993,8.788077,8.763061,7.748345
S467,8.728212,8.60993,8.788077,8.763061,7.748345,7.316239
S468,8.60993,8.788077,8.763061,7.748345,7.316239,7.260574
S469,8.788077,8.763061,7.748345,7.316239,7.260574,7.205744
S470,8.763061,7.748345,7.316239,7.260574,7.205744,7.3312798
S471,7.748345,7.316239,7.260574,7.205744,7.3312798,7.329328
S472,7.316239,7.260574,7.205744,7.3312798,7.329328,7.1821995
S473,7.260574,7.205744,7.3312798,7.329328,7.1821995,7.203477
S474,7.205744,7.3312798,7.329328,7.1821995,7.203477,7.1821995
S475,7.3312798,7.329328,7.1821995,7.203477,7.1821995,8.554931
S476,7.329328,7.1821995,7.203477,7.1821995,8.554931,8.783356
S477,7.1821995,7.203477,7.1821995,8.554931,8.783356,8.797478
S478,7.203477,7.1821995,8.554931,8.783356,8.797478,9.030173
S479,7.1821995,8.554931,8.783356,8.797478,9.030173,9.140176
S480,8.554931,8.783356,8.797478,9.030173,9.140176,8.384207
S481,8.783356,8.797478,9.030173,9.140176,8.384207,7.339136
S482,8.797478,9.030173,9.140176,8.384207,7.339136,7.1788297
S483,9.030173,9.140176,8.384207,7.339136,7.1788297,7.2100134
S484,9.140176,8.384207,7.339136,7.1788297,7.2100134,7.19631
S485,8.384207,7.339136,7.1788297,7.2100134,7.19631,7.092168
S486,7.339136,7.1788297,7.2100134,7.19631,7.092168,7.2370296
S487,7.1788297,7.2100134,7.19631,7.092168,7.2370296,7.227008
S488,7.2100134,7.19631,7.092168,7.2370296,7.227008,7.369338
S489,7.19631,7.092168,7.2370296,7.227008,7.369338,7.4667754
S490,7.092168,7.2370296,7.227008,7.369338,7.4667754,7.227008
S491,7.2370296,7.227008,7.369338,7.4667754,7.227008,7.1821995
S492,7.227008,7.369338,7.4667754,7.227008,7.1821995,7.092168
S493,7.369338,7.4667754,7.227008,7.1821995,7.092168,7.092168
S494,7.4667754,7.227008,7.1821995,7.092168,7.092168,7.092168
S495,7.227008,7.1821995,7.092168,7.092168,7.092168,7.092168
S496,7.1821995,7.092168,7.092168,7.092168,7.092168,7.092168
S497,7.092168,7.092168,7.092168,7.092168,7.092168,7.092168
S498,7.092168,7.092168,7.092168,7.092168,7.092168,7.092168
S499,7.092168,7.092168,7.092168,7.092168,7.092168,7.092168
S500,7.092168,7.092168,7.092168,7.092168,7.092168,7.092168
S501,7.092168,7.092168,7.092168,7.092168,7.092168,7.092168
S502,7.092168,7.092168,7.092168,7.092168,7.092168,7.092168
S503,7.092168,7.092168,7.092168,7.092168,7.092168,7.092168
S504,7.092168,7.092168,7.092168,7.092168,7.092168,7.092168
S505,7.092168,7.092168,7.092168,7.092168,7.092168,7.092168
S506,7.092168,7.092168,7.092168,7.092168,7.092168,7.092168
S507,7.092168,7.092168,7.092168,7.092168,7.092168,7.092168
S508,7.092168,7.092168,7.092168,7.092168,7.092168,7.092168
S509,7.092168,7.092168,7.092168,7.092168,7.092168,7.092168
S510,7.092168,7.092168,7.092168,7.092168,7.092168,7.092168
S511,7.092168,7.092168,7.092168,7.092168,7.092168,7.092168
S512,7.092168,7.092168,7.092168,7.092168,7.092168,7.092168
S513,7.092168,7.092168,7.092168,7.092168,7.092168,7.092168
S514,7.092168,7.092168,7.092168,7.092168,7.092168,7.092168
S515,7.092168,7.092168,7.092168,7.092168,7.092168,7.092168
S516,7.092168,7.092168,7.092168,7.092168,7.092168,7.092168
S517,7.092168,7.092168,7.092168,7.092168,7.092168,7.092168
S518,7.092168,7.092168,7.092168,7.092168,7.092168,7.092168
S519,7.092168,7.092168,7.092168,7.092168,7.092168,7.092168
S520,7.092168,7.092168,7.092168,7.092168,7.092168,7.092168
S521,7.092168,7.092168,7.092168,7.092168,7.092168,7.092168
S522,7.092168,7.092168,7.092168,7.092168,7.092168,7.092168
S523,7.092168,7.092168,7.092168,7.092168,7.092168,7.092168
S524,7.092168,7.092168,7.092168,7.092168,7.092168,7.1741633
S525,7.092168,7.092168,7.092168,7.092168,7.1741633,7.210886
S526,7.092168,7.092168,7.092168,7.1741633,7.210886,7.12889
S527,7.092168,7.092168,7.1741633,7.210886,7.12889,7.092168
S528,7.092168,7.1741633,7.210886,7.12889,7.092168,7.092168
S529,7.1741633,7.210886,7.12889,7.092168,7.092168,7.092168
S530,7.210886,7.12889,7.092168,7.092168,7.092168,7.092168
S531,7.12889,7.092168,7.092168,7.092168,7.092168,7.092168
S532,7.092168,7.092168,7.092168,7.092168,7.092168,7.092168
S533,7.092168,7.092168,7.092168,7.092168,7.092168,7.092168
S534,7.092168,7.092168,7.092168,7.092168,7.092168,7.092168
S535,7.092168,7.092168,7.092168,7.092168,7.092168,7.1291914
S536,7.092168,7.092168,7.092168,7.092168,7.1291914,8.503192
S537,7.092168,7.092168,7.092168,7.1291914,8.503192,8.96485
S538,7.092168,7.092168,7.1291914,8.503192,8.96485,8.371978
S539,7.092168,7.1291914,8.503192,8.96485,8.371978,7.46566
S540,7.1291914,8.503192,8.96485,8.371978,7.46566,7.1157117
S541,8.503192,8.96485,8.371978,7.46566,7.1157117,7.1429324
S542,8.96485,8.371978,7.46566,7.1157117,7.1429324,7.1592484
S543,8.371978,7.46566,7.1157117,7.1429324,7.1592484,7.1676445
S544,7.46566,7.1157117,7.1429324,7.1592484,7.1676445,7.092168
S545,7.1157117,7.1429324,7.1592484,7.1676445,7.092168,7.1469975
S546,7.1429324,7.1592484,7.1676445,7.092168,7.1469975,8.07061
S547,7.1592484,7.1676445,7.092168,7.1469975,8.07061,9.121895
S548,7.1676445,7.092168,7.1469975,8.07061,9.121895,7.7060723
S549,7.092168,7.1469975,8.07061,9.121895,7.7060723,7.3530707
S550,7.1469975,8.07061,9.121895,7.7060723,7.3530707,7.092168
S551,8.07061,9.121895,7.7060723,7.3530707,7.092168,7.1788297
S552,9.121895,7.7060723,7.3530707,7.092168,7.1788297,13.840502
S553,7.7060723,7.3530707,7.092168,7.1788297,13.840502,15.600898
S554,7.3530707,7.092168,7.1788297,13.840502,15.600898,19.457981
S555,7.092168,7.1788297,13.840502,15.600898,19.457981,11.505921
S556,7.1788297,13.840502,15.600898,19.457981,11.505921,11.786058
S557,13.840502,15.600898,19.457981,11.505921,11.786058,10.467037
S558,15.600898,19.457981,11.505921,11.786058,10.467037,9.318179
S559,19.457981,11.505921,11.786058,10.467037,9.318179,9.035934
S560,11.505921,11.786058,10.467037,9.318179,9.035934,9.5344305
S561,11.786058,10.467037,9.318179,9.035934,9.5344305,10.844785
S562,10.467037,9.318179,9.035934,9.5344305,10.844785,12.149036
S563,9.318179,9.035934,9.5344305,10.844785,12.149036,12.343948
S564,9.035934,9.5344305,10.844785,12.149036,12.343948,11.1778345
S565,9.5344305,10.844785,12.149036,12.343948,11.1778345,8.472983
S566,10.844785,12.149036,12.343948,11.1778345,8.472983,7.092168
S567,12.149036,12.343948,11.1778345,8.472983,7.092168,7.2336597
S568,12.343948,11.1778345,8.472983,7.092168,7.2336597,7.243756
S569,11.1778345,8.472983,7.092168,7.2336597,7.243756,7.309974
S570,8.472983,7.092168,7.2336597,7.243756,7.309974,7.389316
S571,7.092168,7.2336597,7.243756,7.309974,7.389316,7.21766
S572,7.2336597,7.243756,7.309974,7.389316,7.21766,7.1992707
S573,7.243756,7.309974,7.389316,7.21766,7.1992707,7.250777
S574,7.309974,7.389316,7.21766,7.1992707,7.250777,7.3625035
S575,7.389316,7.21766,7.1992707,7.250777,7.3625035,8.510122
S576,7.21766,7.1992707,7.250777,7.3625035,8.510122,8.930161
S577,7.1992707,7.250777,7.3625035,8.510122,8.930161,9.161484
S578,7.250777,7.3625035,8.510122,8.930161,9.161484,8.675426
S579,7.3625035,8.510122,8.930161,9.161484,8.675426,8.812952
S580,8.510122,8.930161,9.161484,8.675426,8.812952,8.182529
S581,8.930161,9.161484,8.675426,8.812952,8.182529,8.851184
S582,9.161484,8.675426,8.812952,8.182529,8.851184,7.4882646
S583,8.675426,8.812952,8.182529,8.851184,7.4882646,8.623314
S584,8.812952,8.182529,8.851184,7.4882646,8.623314,8.613094
S585,8.182529,8.851184,7.4882646,8.623314,8.613094,8.97398
S586,8.851184,7.4882646,8.623314,8.613094,8.97398,7.7512665
S587,7.4882646,8.623314,8.613094,8.97398,7.7512665,7.677972
S588,8.623314,8.613094,8.97398,7.7512665,7.677972,7.386048
S589,8.613094,8.97398,7.7512665,7.677972,7.386048,7.268862
S590,8.97398,7.7512665,7.677972,7.386048,7.268862,7.2705584
S591,7.7512665,7.677972,7.386048,7.268862,7.2705584,7.361948
S592,7.677972,7.386048,7.268862,7.2705584,7.361948,7.227008
S593,7.386048,7.268862,7.2705584,7.361948,7.227008,7.184021
S594,7.268862,7.2705584,7.361948,7.227008,7.184021,7.203477
S595,7.2705584,7.361948,7.227008,7.184021,7.203477,8.055058
S596,7.361948,7.227008,7.184021,7.203477,8.055058,8.805448
S597,7.227008,7.184021,7.203477,8.055058,8.805448,8.740502
S598,7.184021,7.203477,8.055058,8.805448,8.740502,9.030173
S599,7.203477,8.055058,8.805448,8.740502,9.030173,7.9552426
S600,8.055058,8.805448,8.740502,9.030173,7.9552426,7.3926344
S601,8.805448,8.740502,9.030173,7.9552426,7.3926344,7.4764333
S602,8.740502,9.030173,7.9552426,7.3926344,7.4764333,7.258972
S603,9.030173,7.9552426,7.3926344,7.4764333,7.258972,7.212579
S604,7.9552426,7.3926344,7.4764333,7.258972,7.212579,8.4809265
S605,7.3926344,7.4764333,7.258972,7.212579,8.4809265,7.589398
S606,7.4764333,7.258972,7.212579,8.4809265,7.589398,7.273752
S607,7.258972,7.212579,8.4809265,7.589398,7.273752,7.203477
S608,7.212579,8.4809265,7.589398,7.273752,7.203477,8.575385
S609,8.4809265,7.589398,7.273752,7.203477,8.575385,8.883142
S610,7.589398,7.273752,7.203477,8.575385,8.883142,7.3765965
S611,7.273752,7.203477,8.575385,8.883142,7.3765965,7.1574903
S612,7.203477,8.575385,8.883142,7.3765965,7.1574903,7.16283
S613,8.575385,8.883142,7.3765965,7.1574903,7.16283,7.1157117
S614,8.883142,7.3765965,7.1574903,7.16283,7.1157117,7.1291914
S615,7.3765965,7.1574903,7.16283,7.1157117,7.1291914,7.1821995
S616,7.1574903,7.16283,7.1157117,7.1291914,7.1821995,7.1448646
S617,7.16283,7.1157117,7.1291914,7.1821995,7.1448646,7.092168
S618,7.1157117,7.1291914,7.1821995,7.1448646,7.092168,7.092168
S619,7.1291914,7.1821995,7.1448646,7.092168,7.092168,7.1821995
S620,7.1821995,7.1448646,7.092168,7.092168,7.1821995,7.227008
S621,7.1448646,7.092168,7.092168,7.1821995,7.227008,7.092168
S622,7.092168,7.092168,7.1821995,7.227008,7.092168,7.092168
S623,7.092168,7.1821995,7.227008,7.092168,7.092168,7.092168
S624,7.1821995,7.227008,7.092168,7.092168,7.092168,7.092168
S625,7.227008,7.092168,7.092168,7.092168,7.092168,7.092168
S626,7.092168,7.092168,7.092168,7.092168,7.092168,7.092168
S627,7.092168,7.092168,7.092168,7.092168,7.092168,7.092168
S628,7.092168,7.092168,7.092168,7.092168,7.092168,7.480401
S629,7.092168,7.092168,7.092168,7.092168,7.480401,8.035194
S630,7.092168,7.092168,7.092168,7.480401,8.035194,8.6242695
S631,7.092168,7.092168,7.480401,8.035194,8.6242695,8.930161
S632,7.092168,7.480401,8.035194,8.6242695,8.930161,8.483936
S633,7.480401,8.035194,8.6242695,8.930161,8.483936,8.358162
S634,8.035194,8.6242695,8.930161,8.483936,8.358162,7.318333
S635,8.6242695,8.930161,8.483936,8.358162,7.318333,7.1788297
S636,8.930161,8.483936,8.358162,7.318333,7.1788297,7.1592484
S637,8.483936,8.358162,7.318333,7.1788297,7.1592484,7.1676445
S638,8.358162,7.318333,7.1788297,7.1592484,7.1676445,7.092168
S639,7.318333,7.1788297,7.1592484,7.1676445,7.092168,7.21766
S640,7.1788297,7.1592484,7.1676445,7.092168,7.21766,7.1821995
S641,7.1592484,7.1676445,7.092168,7.21766,7.1821995,7.345807
S642,7.1676445,7.092168,7.21766,7.1821995,7.345807,7.3625035
S643,7.092168,7.21766,7.1821995,7.345807,7.3625035,7.1821995
S644,7.21766,7.1821995,7.345807,7.3625035,7.1821995,7.1821995
S645,7.1821995,7.345807,7.3625035,7.1821995,7.1821995,7.092168
S646,7.345807,7.3625035,7.1821995,7.1821995,7.092168,7.092168
S647,7.3625035,7.1821995,7.1821995,7.092168,7.092168,7.092168
S648,7.1821995,7.1821995,7.092168,7.092168,7.092168,7.092168
S649,7.1821995,7.092168,7.092168,7.092168,7.092168,7.092168
S650,7.092168,7.092168,7.092168,7.092168,7.092168,7.092168
S651,7.092168,7.092168,7.092168,7.092168,7.092168,7.092168
S652,7.092168,7.092168,7.092168,7.092168,7.092168,7.092168
S653,7.092168,7.092168,7.092168,7.092168,7.092168,7.092168
S654,7.092168,7.092168,7.092168,7.092168,7.092168,7.092168
S655,7.092168,7.092168,7.092168,7.092168,7.092168,7.092168
S656,7.092168,7.092168,7.092168,7.092168,7.092168,7.092168
S657,7.092168,7.092168,7.092168,7.092168,7.092168,7.092168
S658,7.092168,7.092168,7.092168,7.092168,7.092168,7.092168
S659,7.092168,7.092168,7.092168,7.092168,7.092168,7.092168
S660,7.092168,7.092168,7.092168,7.092168,7.092168,7.1291914
S661,7.092168,7.092168,7.092168,7.092168,7.1291914,7.092168
S662,7.092168,7.092168,7.092168,7.1291914,7.092168,7.092168
S663,7.092168,7.092168,7.1291914,7.092168,7.092168,7.092168
S664,7.092168,7.1291914,7.092168,7.092168,7.092168,7.092168
S665,7.1291914,7.092168,7.092168,7.092168,7.092168,7.092168
S666,7.092168,7.092168,7.092168,7.092168,7.092168,7.092168
S667,7.092168,7.092168,7.092168,7.092168,7.092168,7.092168
S668,7.092168,7.092168,7.092168,7.092168,7.092168,7.092168
S669,7.092168,7.092168,7.092168,7.092168,7.092168,7.984669
S670,7.092168,7.092168,7.092168,7.092168,7.984669,8.642081
S671,7.092168,7.092168,7.092168,7.984669,8.642081,7.4385304
S672,7.092168,7.092168,7.984669,8.642081,7.4385304,7.5171237
S673,7.092168,7.984669,8.642081,7.4385304,7.5171237,8.833591
S674,7.984669,8.642081,7.4385304,7.5171237,8.833591,8.837938
S675,8.642081,7.4385304,7.5171237,8.833591,8.837938,9.067269
S676,7.4385304,7.5171237,8.833591,8.837938,9.067269,8.998092
S677,7.5171237,8.833591,8.837938,9.067269,8.998092,9.21165
S678,8.833591,8.837938,9.067269,8.998092,9.21165,8.999323
S679,8.837938,9.067269,8.998092,9.21165,8.999323,7.94394
S680,9.067269,8.998092,9.21165,8.999323,7.94394,8.928802
S681,8.998092,9.21165,8.999323,7.94394,8.928802,8.308586
S682,9.21165,8.999323,7.94394,8.928802,8.308586,7.6069365
S683,8.999323,7.94394,8.928802,8.308586,7.6069365,7.6313357
S684,7.94394,8.928802,8.308586,7.6069365,7.6313357,7.5614877
S685,8.928802,8.308586,7.6069365,7.6313357,7.5614877,7.4928894
S686,8.308586,7.6069365,7.6313357,7.5614877,7.4928894,7.547135
S687,7.6069365,7.6313357,7.5614877,7.4928894,7.547135,7.531646
S688,7.6313357,7.5614877,7.4928894,7.547135,7.531646,7.454606
S689,7.5614877,7.4928894,7.547135,7.531646,7.454606,7.3217793
S690,7.4928894,7.547135,7.531646,7.454606,7.3217793,7.875266
S691,7.547135,7.531646,7.454606,7.3217793,7.875266,8.784368
S692,7.531646,7.454606,7.3217793,7.875266,8.784368,8.965886
S693,7.454606,7.3217793,7.875266,8.784368,8.965886,9.226807
S694,7.3217793,7.875266,8.784368,8.965886,9.226807,15.017017
S695,7.875266,8.784368,8.965886,9.226807,15.017017,18.075802
S696,8.784368,8.965886,9.226807,15.017017,18.075802,19.548937
S697,8.965886,9.226807,15.017017,18.075802,19.548937,19.702057
S698,9.226807,15.017017,18.075802,19.548937,19.702057,20.383419
S699,15.017017,18.075802,19.548937,19.702057,20.383419,22.103548
S700,18.075802,19.548937,19.702057,20.383419,22.103548,12.392474
S701,19.548937,19.702057,20.383419,22.103548,12.392474,10.56108
S702,19.702057,20.383419,22.103548,12.392474,10.56108,11.986348
S703,20.383419,22.103548,12.392474,10.56108,11.986348,23.172
S704,22.103548,12.392474,10.56108,11.986348,23.172,14.918844
S705,12.392474,10.56108,11.986348,23.172,14.918844,15.251979
S706,10.56108,11.986348,23.172,14.918844,15.251979,13.781927
S707,11.986348,23.172,14.918844,15.251979,13.781927,12.922639
S708,23.172,14.918844,15.251979,13.781927,12.922639,12.017948
S709,14.918844,15.251979,13.781927,12.922639,12.017948,11.522906
S710,15.251979,13.781927,12.922639,12.017948,11.522906,9.680251
S711,13.781927,12.922639,12.017948,11.522906,9.680251,8.50912
S712,12.922639,12.017948,11.522906,9.680251,8.50912,8.168994
S713,12.017948,11.522906,9.680251,8.50912,8.168994,9.164105
S714,11.522906,9.680251,8.50912,8.168994,9.164105,8.705691
S715,9.680251,8.50912,8.168994,9.164105,8.705691,8.954548
S716,8.50912,8.168994,9.164105,8.705691,8.954548,9.699183
S717,8.168994,9.164105,8.705691,8.954548,9.699183,9.054524
S718,9.164105,8.705691,8.954548,9.699183,9.054524,12.583326
S719,8.705691,8.954548,9.699183,9.054524,12.583326,9.962641
S720,8.954548,9.699183,9.054524,12.583326,9.962641,16.030952
S721,9.699183,9.054524,12.583326,9.962641,16.030952,9.511835
S722,9.054524,12.583326,9.962641,16.030952,9.511835,16.321312
S723,12.583326,9.962641,16.030952,9.511835,16.321312,10.208226
S724,9.962641,16.030952,9.511835,16.321312,10.208226,9.927216
S725,16.030952,9.511835,16.321312,10.208226,9.927216,9.664751
S726,9.511835,16.321312,10.208226,9.927216,9.664751,16.580482
S727,16.321312,10.208226,9.927216,9.664751,16.580482,20.500881
S728,10.208226,9.927216,9.664751,16.580482,20.500881,26.435715
S729,9.927216,9.664751,16.580482,20.500881,26.435715,23.994205
S730,9.664751,16.580482,20.500881,26.435715,23.994205,17.972557
S731,16.580482,20.500881,26.435715,23.994205,17.972557,17.038013
S732,20.500881,26.435715,23.994205,17.972557,17.038013,14.559223
S733,26.435715,23.994205,17.972557,17.038013,14.559223,9.468693
S734,23.994205,17.972557,17.038013,14.559223,9.468693,9.267888
S735,17.972557,17.038013,14.559223,9.468693,9.267888,9.418208
S736,17.038013,14.559223,9.468693,9.267888,9.418208,10.142396
S737,14.559223,9.468693,9.267888,9.418208,10.142396,10.732088
S738,9.468693,9.267888,9.418208,10.142396,10.732088,10.109518
S739,9.267888,9.418208,10.142396,10.732088,10.109518,10.1197405
S740,9.418208,10.142396,10.732088,10.109518,10.1197405,11.233253
S741,10.142396,10.732088,10.109518,10.1197405,11.233253,10.870777
S742,10.732088,10.109518,10.1197405,11.233253,10.870777,9.844318
S743,10.109518,10.1197405,11.233253,10.870777,9.844318,9.373852
S744,10.1197405,11.233253,10.870777,9.844318,9.373852,9.062361
S745,11.233253,10.870777,9.844318,9.373852,9.062361,8.8080225
S746,10.870777,9.844318,9.373852,9.062361,8.8080225,8.748682
S747,9.844318,9.373852,9.062361,8.8080225,8.748682,8.307014
S748,9.373852,9.062361,8.8080225,8.748682,8.307014,8.975117
S749,9.062361,8.8080225,8.748682,8.307014,8.975117,8.783583
S750,8.8080225,8.748682,8.307014,8.975117,8.783583,8.486815
S751,8.748682,8.307014,8.975117,8.783583,8.486815,8.665551
S752,8.307014,8.975117,8.783583,8.486815,8.665551,8.986962
S753,8.975117,8.783583,8.486815,8.665551,8.986962,8.581839
S754,8.783583,8.486815,8.665551,8.986962,8.581839,7.459688
S755,8.486815,8.665551,8.986962,8.581839,7.459688,7.203477
S756,8.665551,8.986962,8.581839,7.459688,7.203477,7.258307
S757,8.986962,8.581839,7.459688,7.203477,7.258307,7.227008
S758,8.581839,7.459688,7.203477,7.258307,7.227008,7.2864714
S759,7.459688,7.203477,7.258307,7.227008,7.2864714,7.3625035
S760,7.203477,7.258307,7.227008,7.2864714,7.3625035,7.1821995
S761,7.258307,7.227008,7.2864714,7.3625035,7.1821995,7.16283
S762,7.227008,7.2864714,7.3625035,7.1821995,7.16283,7.16283
S763,7.2864714,7.3625035,7.1821995,7.16283,7.16283,7.1291914
S764,7.3625035,7.1821995,7.16283,7.16283,7.1291914,8.510122
S765,7.1821995,7.16283,7.16283,7.1291914,8.510122,8.2732315
S766,7.16283,7.16283,7.1291914,8.510122,8.2732315,8.96109
S767,7.16283,7.1291914,8.510122,8.2732315,8.96109,8.900112
S768,7.1291914,8.510122,8.2732315,8.96109,8.900112,7.9402637
S769,8.510122,8.2732315,8.96109,8.900112,7.9402637,8.898914
S770,8.2732315,8.96109,8.900112,7.9402637,8.898914,9.069823
S771,8.96109,8.900112,7.9402637,8.898914,9.069823,9.213474
S772,8.900112,7.9402637,8.898914,9.069823,9.213474,9.18993
S773,7.9402637,8.898914,9.069823,9.213474,9.18993,7.700209
S774,8.898914,9.069823,9.213474,9.18993,7.700209,8.240283
S775,9.069823,9.213474,9.18993,7.700209,8.240283,8.844338
S776,9.213474,9.18993,7.700209,8.240283,8.844338,8.868684
S777,9.18993,7.700209,8.240283,8.844338,8.868684,8.065182
S778,7.700209,8.240283,8.844338,8.868684,8.065182,7.470517
S779,8.240283,8.844338,8.868684,8.065182,7.470517,7.3726964
S780,8.844338,8.868684,8.065182,7.470517,7.3726964,7.5738153
S781,8.868684,8.065182,7.470517,7.3726964,7.5738153,7.4667754
S782,8.065182,7.470517,7.3726964,7.5738153,7.4667754,7.4336
S783,7.470517,7.3726964,7.5738153,7.4667754,7.4336,7.3625035
S784,7.3726964,7.5738153,7.4667754,7.4336,7.3625035,7.092168
S785,7.5738153,7.4667754,7.4336,7.3625035,7.092168,7.2864714
S786,7.4667754,7.4336,7.3625035,7.092168,7.2864714,7.3090043
S787,7.4336,7.3625035,7.092168,7.2864714,7.3090043,7.992113
S788,7.3625035,7.092168,7.2864714,7.3090043,7.992113,7.320932
S789,7.092168,7.2864714,7.3090043,7.992113,7.320932,7.1741633
S790,7.2864714,7.3090043,7.992113,7.320932,7.1741633,8.764262
S791,7.3090043,7.992113,7.320932,7.1741633,8.764262,8.900112
S792,7.992113,7.320932,7.1741633,8.764262,8.900112,7.865039
S793,7.320932,7.1741633,8.764262,8.900112,7.865039,8.6053915
S794,7.1741633,8.764262,8.900112,7.865039,8.6053915,8.908657
S795,8.764262,8.900112,7.865039,8.6053915,8.908657,8.995404
S796,8.900112,7.865039,8.6053915,8.908657,8.995404,8.446435
S797,7.865039,8.6053915,8.908657,8.995404,8.446435,7.3971353
S798,8.6053915,8.908657,8.995404,8.446435,7.3971353,7.323692
S799,8.908657,8.995404,8.446435,7.3971353,7.323692,7.1827927
S800,8.995404,8.446435,7.3971353,7.323692,7.1827927,8.809979
S801,8.446435,7.3971353,7.323692,7.1827927,8.809979,9.194863
S802,7.3971353,7.323692,7.1827927,8.809979,9.194863,9.068191
S803,7.323692,7.1827927,8.809979,9.194863,9.068191,7.5474677
S804,7.1827927,8.809979,9.194863,9.068191,7.5474677,7.4619875
S805,8.809979,9.194863,9.068191,7.5474677,7.4619875,7.5346203
S806,9.194863,9.068191,7.5474677,7.4619875,7.5346203,7.4776177
S807,9.068191,7.5474677,7.4619875,7.5346203,7.4776177,7.2844887
S808,7.5474677,7.4619875,7.5346203,7.4776177,7.2844887,7.2470684
S809,7.4619875,7.5346203,7.4776177,7.2844887,7.2470684,7.307449
S810,7.5346203,7.4776177,7.2844887,7.2470684,7.307449,7.7410336
S811,7.4776177,7.2844887,7.2470684,7.307449,7.7410336,8.738721
S812,7.2844887,7.2470684,7.307449,7.7410336,8.738721,8.155735
S813,7.2470684,7.307449,7.7410336,8.738721,8.155735,8.225562
S814,7.307449,7.7410336,8.738721,8.155735,8.225562,8.71068
S815,7.7410336,8.738721,8.155735,8.225562,8.71068,8.768706
S816,8.738721,8.155735,8.225562,8.71068,8.768706,9.053511
S817,8.155735,8.225562,8.71068,8.768706,9.053511,9.084382
S818,8.225562,8.71068,8.768706,9.053511,9.084382,9.213474
S819,8.71068,8.768706,9.053511,9.084382,9.213474,8.976659
S820,8.768706,9.053511,9.084382,9.213474,8.976659,8.329857
S821,9.053511,9.084382,9.213474,8.976659,8.329857,8.091956
S822,9.084382,9.213474,8.976659,8.329857,8.091956,8.654288
S823,9.213474,8.976659,8.329857,8.091956,8.654288,8.264218
S824,8.976659,8.329857,8.091956,8.654288,8.264218,7.984535
S825,8.329857,8.091956,8.654288,8.264218,7.984535,8.244261
S826,8.091956,8.654288,8.264218,7.984535,8.244261,8.979872
S827,8.654288,8.264218,7.984535,8.244261,8.979872,9.208278
S828,8.264218,7.984535,8.244261,8.979872,9.208278,9.387524
S829,7.984535,8.244261,8.979872,9.208278,9.387524,9.238909
S830,8.244261,8.979872,9.208278,9.387524,9.238909,7.772482
S831,8.979872,9.208278,9.387524,9.238909,7.772482,7.4709167
S832,9.208278,9.387524,9.238909,7.772482,7.4709167,8.767509
S833,9.387524,9.238909,7.772482,7.4709167,8.767509,9.087789
S834,9.238909,7.772482,7.4709167,8.767509,9.087789,9.227396
S835,7.772482,7.4709167,8.767509,9.087789,9.227396,7.822494
S836,7.4709167,8.767509,9.087789,9.227396,7.822494,8.875409
S837,8.767509,9.087789,9.227396,7.822494,8.875409,8.751035
S838,9.087789,9.227396,7.822494,8.875409,8.751035,8.8221035
S839,9.227396,7.822494,8.875409,8.751035,8.8221035,10.360872
S840,7.822494,8.875409,8.751035,8.8221035,10.360872,9.931402
S841,8.875409,8.751035,8.8221035,10.360872,9.931402,9.226371
S842,8.751035,8.8221035,10.360872,9.931402,9.226371,9.808981
S843,8.8221035,10.360872,9.931402,9.226371,9.808981,9.574774
S844,10.360872,9.931402,9.226371,9.808981,9.574774,10.015557
S845,9.931402,9.226371,9.808981,9.574774,10.015557,9.573578
S846,9.226371,9.808981,9.574774,10.015557,9.573578,8.758999
S847,9.808981,9.574774,10.015557,9.573578,8.758999,8.410142
S848,9.574774,10.015557,9.573578,8.758999,8.410142,8.3778715
S849,10.015557,9.573578,8.758999,8.410142,8.3778715,8.759892
S850,9.573578,8.758999,8.410142,8.3778715,8.759892,9.2454405
S851,8.758999,8.410142,8.3778715,8.759892,9.2454405,9.467583
S852,8.410142,8.3778715,8.759892,9.2454405,9.467583,7.934103
S853,8.3778715,8.759892,9.2454405,9.467583,7.934103,8.15255
S854,8.759892,9.2454405,9.467583,7.934103,8.15255,7.507027
S855,9.2454405,9.467583,7.934103,8.15255,7.507027,7.465259
S856,9.467583,7.934103,8.15255,7.507027,7.465259,7.4092646
S857,7.934103,8.15255,7.507027,7.465259,7.4092646,7.3207235
S858,8.15255,7.507027,7.465259,7.4092646,7.3207235,7.799562
S859,7.507027,7.465259,7.4092646,7.3207235,7.799562,8.91369
S860,7.465259,7.4092646,7.3207235,7.799562,8.91369,10.108162
S861,7.4092646,7.3207235,7.799562,8.91369,10.108162,11.445507
S862,7.3207235,7.799562,8.91369,10.108162,11.445507,10.495239
S863,7.799562,8.91369,10.108162,11.445507,10.495239,9.3323555
S864,8.91369,10.108162,11.445507,10.495239,9.3323555,9.056782
S865,10.108162,11.445507,10.495239,9.3323555,9.056782,8.8080225
S866,11.445507,10.495239,9.3323555,9.056782,8.8080225,8.748682
S867,10.495239,9.3323555,9.056782,8.8080225,8.748682,12.614719
S868,9.3323555,9.056782,8.8080225,8.748682,12.614719,9.607821
S869,9.056782,8.8080225,8.748682,12.614719,9.607821,9.865028
S870,8.8080225,8.748682,12.614719,9.607821,9.865028,9.583302
S871,8.748682,12.614719,9.607821,9.865028,9.583302,14.832957
S872,12.614719,9.607821,9.865028,9.583302,14.832957,25.339409
S873,9.607821,9.865028,9.583302,14.832957,25.339409,15.078394
S874,9.865028,9.583302,14.832957,25.339409,15.078394,12.368356
S875,9.583302,14.832957,25.339409,15.078394,12.368356,10.534292
S876,14.832957,25.339409,15.078394,12.368356,10.534292,12.234811
S877,25.339409,15.078394,12.368356,10.534292,12.234811,8.9027195
S878,15.078394,12.368356,10.534292,12.234811,8.9027195,8.799721
S879,12.368356,10.534292,12.234811,8.9027195,8.799721,9.012
S880,10.534292,12.234811,8.9027195,8.799721,9.012,9.103811
S881,12.234811,8.9027195,8.799721,9.012,9.103811,10.685255
S882,8.9027195,8.799721,9.012,9.103811,10.685255,11.711948
S883,8.799721,9.012,9.103811,10.685255,11.711948,8.594984
S884,9.012,9.103811,10.685255,11.711948,8.594984,8.397714
S885,9.103811,10.685255,11.711948,8.594984,8.397714,8.525569
S886,10.685255,11.711948,8.594984,8.397714,8.525569,9.016651
S887,11.711948,8.594984,8.397714,8.525569,9.016651,8.884147
S888,8.594984,8.397714,8.525569,9.016651,8.884147,8.394473
S889,8.397714,8.525569,9.016651,8.884147,8.394473,7.454444
S890,8.525569,9.016651,8.884147,8.394473,7.454444,7.366891
S891,9.016651,8.884147,8.394473,7.454444,7.366891,7.3235054
S892,8.884147,8.394473,7.454444,7.366891,7.3235054,8.401894
S893,8.394473,7.454444,7.366891,7.3235054,8.401894,7.9641824
S894,7.454444,7.366891,7.3235054,8.401894,7.9641824,8.066173
S895,7.366891,7.3235054,8.401894,7.9641824,8.066173,8.772296
S896,7.3235054,8.401894,7.9641824,8.066173,8.772296,8.727023
S897,8.401894,7.9641824,8.066173,8.772296,8.727023,9.167771
S898,7.9641824,8.066173,8.772296,8.727023,9.167771,8.974292
S899,8.066173,8.772296,8.727023,9.167771,8.974292,7.6411467
S900,8.772296,8.727023,9.167771,8.974292,7.6411467,7.1861563
S901,8.727023,9.167771,8.974292,7.6411467,7.1861563,7.1788297
S902,9.167771,8.974292,7.6411467,7.1861563,7.1788297,7.2673
S903,8.974292,7.6411467,7.1861563,7.1788297,7.2673,7.1676445
S904,7.6411467,7.1861563,7.1788297,7.2673,7.1676445,7.1552143
S905,7.1861563,7.1788297,7.2673,7.1676445,7.1552143,7.501753
S906,7.1788297,7.2673,7.1676445,7.1552143,7.501753,7.940857
S907,7.2673,7.1676445,7.1552143,7.501753,7.940857,9.9019165
S908,7.1676445,7.1552143,7.501753,7.940857,9.9019165,9.76254
S909,7.1552143,7.501753,7.940857,9.9019165,9.76254,15.218891
S910,7.501753,7.940857,9.9019165,9.76254,15.218891,10.642017
S911,7.940857,9.9019165,9.76254,15.218891,10.642017,10.022291
S912,9.9019165,9.76254,15.218891,10.642017,10.022291,10.059458
S913,9.76254,15.218891,10.642017,10.022291,10.059458,11.925886
S914,15.218891,10.642017,10.022291,10.059458,11.925886,9.316469
S915,10.642017,10.022291,10.059458,11.925886,9.316469,9.08456
S916,10.022291,10.059458,11.925886,9.316469,9.08456,13.505946
S917,10.059458,11.925886,9.316469,9.08456,13.505946,15.076069
S918,11.925886,9.316469,9.08456,13.505946,15.076069,15.476482
S919,9.316469,9.08456,13.505946,15.076069,15.476482,13.409336
S920,9.08456,13.505946,15.076069,15.476482,13.409336,11.791144
S921,13.505946,15.076069,15.476482,13.409336,11.791144,10.000738
S922,15.076069,15.476482,13.409336,11.791144,10.000738,9.722549
S923,15.476482,13.409336,11.791144,10.000738,9.722549,10.015923
S924,13.409336,11.791144,10.000738,9.722549,10.015923,9.558139
S925,11.791144,10.000738,9.722549,10.015923,9.558139,9.266287
S926,10.000738,9.722549,10.015923,9.558139,9.266287,9.706558
S927,9.722549,10.015923,9.558139,9.266287,9.706558,9.626189
S928,10.015923,9.558139,9.266287,9.706558,9.626189,9.85391
S929,9.558139,9.266287,9.706558,9.626189,9.85391,8.946014
S930,9.266287,9.706558,9.626189,9.85391,8.946014,8.392393
S931,9.706558,9.626189,9.85391,8.946014,8.392393,9.863479
S932,9.626189,9.85391,8.946014,8.392393,9.863479,8.608813
S933,9.85391,8.946014,8.392393,9.863479,8.608813,8.991002
S934,8.946014,8.392393,9.863479,8.608813,8.991002,9.2007265
S935,8.392393,9.863479,8.608813,8.991002,9.2007265,9.112874
S936,9.863479,8.608813,8.991002,9.2007265,9.112874,9.159059
S937,8.608813,8.991002,9.2007265,9.112874,9.159059,9.135146
S938,8.991002,9.2007265,9.112874,9.159059,9.135146,9.260196
S939,9.2007265,9.112874,9.159059,9.135146,9.260196,9.022867
S940,9.112874,9.159059,9.135146,9.260196,9.022867,8.743834
S941,9.159059,9.135146,9.260196,9.022867,8.743834,8.149326
S942,9.135146,9.260196,9.022867,8.743834,8.149326,8.560629
S943,9.260196,9.022867,8.743834,8.149326,8.560629,8.888623
S944,9.022867,8.743834,8.149326,8.560629,8.888623,8.957321
S945,8.743834,8.149326,8.560629,8.888623,8.957321,8.977428
S946,8.149326,8.560629,8.888623,8.957321,8.977428,7.565187
S947,8.560629,8.888623,8.957321,8.977428,7.565187,7.471658
S948,8.888623,8.957321,8.977428,7.565187,7.471658,7.504833
S949,8.957321,8.977428,7.565187,7.471658,7.504833,7.3625035
S950,8.977428,7.565187,7.471658,7.504833,7.3625035,7.203477
S951,7.565187,7.471658,7.504833,7.3625035,7.203477,7.1821995
S952,7.471658,7.504833,7.3625035,7.203477,7.1821995,7.16283
S953,7.504833,7.3625035,7.203477,7.1821995,7.16283,8.50468
S954,7.3625035,7.203477,7.1821995,7.16283,8.50468,7.812336
S955,7.203477,7.1821995,7.16283,8.50468,7.812336,8.848008
S956,7.1821995,7.16283,8.50468,7.812336,8.848008,9.123016
S957,7.16283,8.50468,7.812336,8.848008,9.123016,9.304041
S958,8.50468,7.812336,8.848008,9.123016,9.304041,12.361998
S959,7.812336,8.848008,9.123016,9.304041,12.361998,10.125994
S960,8.848008,9.123016,9.304041,12.361998,10.125994,9.460272
S961,9.123016,9.304041,12.361998,10.125994,9.460272,9.513172
S962,9.304041,12.361998,10.125994,9.460272,9.513172,8.454602
S963,12.361998,10.125994,9.460272,9.513172,8.454602,7.747282
S964,10.125994,9.460272,9.513172,8.454602,7.747282,9.288816
S965,9.460272,9.513172,8.454602,7.747282,9.288816,9.176636
S966,9.513172,8.454602,7.747282,9.288816,9.176636,10.34436
S967,8.454602,7.747282,9.288816,9.176636,10.34436,10.13091
S968,7.747282,9.288816,9.176636,10.34436,10.13091,10.080914
S969,9.288816,9.176636,10.34436,10.13091,10.080914,8.456648
S970,9.176636,10.34436,10.13091,10.080914,8.456648,7.409162
S971,10.34436,10.13091,10.080914,8.456648,7.409162,7.5868297
S972,10.13091,10.080914,8.456648,7.409162,7.5868297,7.3842115
S973,10.080914,8.456648,7.409162,7.5868297,7.3842115,7.16283
S974,8.456648,7.409162,7.5868297,7.3842115,7.16283,7.196439
S975,7.409162,7.5868297,7.3842115,7.16283,7.196439,7.260622
S976,7.5868297,7.3842115,7.16283,7.196439,7.260622,7.1821995
S977,7.3842115,7.16283,7.196439,7.260622,7.1821995,7.203477
S978,7.16283,7.196439,7.260622,7.1821995,7.203477,7.1821995
S979,7.196439,7.260622,7.1821995,7.203477,7.1821995,7.1821995
S980,7.260622,7.1821995,7.203477,7.1821995,7.1821995,8.43946
S981,7.1821995,7.203477,7.1821995,7.1821995,8.43946,13.772353
S982,7.203477,7.1821995,7.1821995,8.43946,13.772353,14.665564
S983,7.1821995,7.1821995,8.43946,13.772353,14.665564,16.569942
S984,7.1821995,8.43946,13.772353,14.665564,16.569942,18.80687
S985,8.43946,13.772353,14.665564,16.569942,18.80687,20.170784
S986,13.772353,14.665564,16.569942,18.80687,20.170784,20.600784
S987,14.665564,16.569942,18.80687,20.170784,20.600784,19.807467
S988,16.569942,18.80687,20.170784,20.600784,19.807467,20.993263
S989,18.80687,20.170784,20.600784,19.807467,20.993263,21.583878
S990,20.170784,20.600784,19.807467,20.993263,21.583878,21.103111
S991,20.600784,19.807467,20.993263,21.583878,21.103111,23.48927
S992,19.807467,20.993263,21.583878,21.103111,23.48927,22.404629
S993,20.993263,21.583878,21.103111,23.48927,22.404629,18.921124
S994,21.583878,21.103111,23.48927,22.404629,18.921124,15.664291
S995,21.103111,23.48927,22.404629,18.921124,15.664291,14.108801
S996,23.48927,22.404629,18.921124,15.664291,14.108801,13.823639
S997,22.404629,18.921124,15.664291,14.108801,13.823639,13.546069
S998,18.921124,15.664291,14.108801,13.823639,13.546069,13.0671015
S999,15.664291,14.108801,13.823639,13.546069,13.0671015,11.551371
S1000,14.108801,13.823639,13.546069,13.0671015,11.551371,11.434074
S1001,13.823639,13.546069,13.0671015,11.551371,11.434074,10.643612
S1002,13.546069,13.0671015,11.551371,11.434074,10.643612,11.286939
S1003,13.0671015,11.551371,11.434074,10.643612,11.286939,11.734238
S1004,11.551371,11.434074,10.643612,11.286939,11.734238,11.764758
S1005,11.434074,10.643612,11.286939,11.734238,11.764758,19.579697
S1006,10.643612,11.286939,11.734238,11.764758,19.579697,25.189648
S1007,11.286939,11.734238,11.764758,19.579697,25.189648,24.357857
S1008,11.734238,11.764758,19.579697,25.189648,24.357857,24.270798
S1009,11.764758,19.579697,25.189648,24.357857,24.270798,14.252277
S1010,19.579697,25.189648,24.357857,24.270798,14.252277,12.575316
S1011,25.189648,24.357857,24.270798,14.252277,12.575316,9.302587
S1012,24.357857,24.270798,14.252277,12.575316,9.302587,7.9881167
S1013,24.270798,14.252277,12.575316,9.302587,7.9881167,9.328252
S1014,14.252277,12.575316,9.302587,7.9881167,9.328252,9.681661
S1015,12.575316,9.302587,7.9881167,9.328252,9.681661,10.27626
S1016,9.302587,7.9881167,9.328252,9.681661,10.27626,10.723911
S1017,7.9881167,9.328252,9.681661,10.27626,10.723911,12.093871
S1018,9.328252,9.681661,10.27626,10.723911,12.093871,11.867593
S1019,9.681661,10.27626,10.723911,12.093871,11.867593,9.099712
S1020,10.27626,10.723911,12.093871,11.867593,9.099712,7.624861
S1021,10.723911,12.093871,11.867593,9.099712,7.624861,7.2494926
S1022,12.093871,11.867593,9.099712,7.624861,7.2494926,7.330418
S1023,11.867593,9.099712,7.624861,7.2494926,7.330418,7.2717495
S1024,9.099712,7.624861,7.2494926,7.330418,7.2717495,7.1944566
S1025,7.624861,7.2494926,7.330418,7.2717495,7.1944566,7.18427
S1026,7.2494926,7.330418,7.2717495,7.1944566,7.18427,7.1834383
S1027,7.330418,7.2717495,7.1944566,7.18427,7.1834383,8.930377
S1028,7.2717495,7.1944566,7.18427,7.1834383,8.930377,7.830085
S1029,7.1944566,7.18427,7.1834383,8.930377,7.830085,7.406549
S1030,7.18427,7.1834383,8.930377,7.830085,7.406549,8.007807
S1031,7.1834383,8.930377,7.830085,7.406549,8.007807,8.980926
S1032,8.930377,7.830085,7.406549,8.007807,8.980926,9.126018
S1033,7.830085,7.406549,8.007807,8.980926,9.126018,7.731009
S1034,7.406549,8.007807,8.980926,9.126018,7.731009,7.2997613
S1035,8.007807,8.980926,9.126018,7.731009,7.2997613,7.1788297
S1036,8.980926,9.126018,7.731009,7.2997613,7.1788297,7.245911
S1037,9.126018,7.731009,7.2997613,7.1788297,7.245911,7.3584976
S1038,7.731009,7.2997613,7.1788297,7.245911,7.3584976,7.336099
S1039,7.2997613,7.1788297,7.245911,7.3584976,7.336099,8.644125
S1040,7.1788297,7.245911,7.3584976,7.336099,8.644125,9.054524
S1041,7.245911,7.3584976,7.336099,8.644125,9.054524,7.849101
S1042,7.3584976,7.336099,8.644125,9.054524,7.849101,9.220822
S1043,7.336099,8.644125,9.054524,7.849101,9.220822,9.287273
S1044,8.644125,9.054524,7.849101,9.220822,9.287273,7.873727
S1045,9.054524,7.849101,9.220822,9.287273,7.873727,7.421278
S1046,7.849101,9.220822,9.287273,7.873727,7.421278,7.281119
S1047,9.220822,9.287273,7.873727,7.421278,7.281119,7.416712
S1048,9.287273,7.873727,7.421278,7.281119,7.416712,7.7386208
S1049,7.873727,7.421278,7.281119,7.416712,7.7386208,7.751
S1050,7.421278,7.281119,7.416712,7.7386208,7.751,8.355952
S1051,7.281119,7.416712,7.7386208,7.751,8.355952,8.357367
S1052,7.416712,7.7386208,7.751,8.355952,8.357367,7.3405485
S1053,7.7386208,7.751,8.355952,8.357367,7.3405485,9.080494
S1054,7.751,8.355952,8.357367,7.3405485,9.080494,8.019016
S1055,8.355952,8.357367,7.3405485,9.080494,8.019016,8.001659
S1056,8.357367,7.3405485,9.080494,8.019016,8.001659,8.148037
S1057,7.3405485,9.080494,8.019016,8.001659,8.148037,8.687403
S1058,9.080494,8.019016,8.001659,8.148037,8.687403,8.84363
S1059,8.019016,8.001659,8.148037,8.687403,8.84363,8.976784
S1060,8.001659,8.148037,8.687403,8.84363,8.976784,9.106899
S1061,8.148037,8.687403,8.84363,8.976784,9.106899,9.107926
S1062,8.687403,8.84363,8.976784,9.106899,9.107926,9.295101
S1063,8.84363,8.976784,9.106899,9.107926,9.295101,9.524521
S1064,8.976784,9.106899,9.107926,9.295101,9.524521,21.803837
S1065,9.106899,9.107926,9.295101,9.524521,21.803837,15.855387
S1066,9.107926,9.295101,9.524521,21.803837,15.855387,10.696811
S1067,9.295101,9.524521,21.803837,15.855387,10.696811,9.31804
S1068,9.524521,21.803837,15.855387,10.696811,9.31804,8.823096
S1069,21.803837,15.855387,10.696811,9.31804,8.823096,11.03645
S1070,15.855387,10.696811,9.31804,8.823096,11.03645,8.205688
S1071,10.696811,9.31804,8.823096,11.03645,8.205688,8.36742
S1072,9.31804,8.823096,11.03645,8.205688,8.36742,9.670379
S1073,8.823096,11.03645,8.205688,8.36742,9.670379,10.324712
S1074,11.03645,8.205688,8.36742,9.670379,10.324712,10.006513
S1075,8.205688,8.36742,9.670379,10.324712,10.006513,10.409394
S1076,8.36742,9.670379,10.324712,10.006513,10.409394,10.128569
S1077,9.670379,10.324712,10.006513,10.409394,10.128569,9.948816
S1078,10.324712,10.006513,10.409394,10.128569,9.948816,9.426865
S1079,10.006513,10.409394,10.128569,9.948816,9.426865,9.401587
S1080,10.409394,10.128569,9.948816,9.426865,9.401587,9.347654
S1081,10.128569,9.948816,9.426865,9.401587,9.347654,9.654337
S1082,9.948816,9.426865,9.401587,9.347654,9.654337,9.260196
S1083,9.426865,9.401587,9.347654,9.654337,9.260196,9.152597
S1084,9.401587,9.347654,9.654337,9.260196,9.152597,9.146127
S1085,9.347654,9.654337,9.260196,9.152597,9.146127,8.665036
S1086,9.654337,9.260196,9.152597,9.146127,8.665036,10.680101
S1087,9.260196,9.152597,9.146127,8.665036,10.680101,11.655157
S1088,9.152597,9.146127,8.665036,10.680101,11.655157,11.869589
S1089,9.146127,8.665036,10.680101,11.655157,11.869589,21.752007
S1090,8.665036,10.680101,11.655157,11.869589,21.752007,15.165316
S1091,10.680101,11.655157,11.869589,21.752007,15.165316,12.657436
S1092,11.655157,11.869589,21.752007,15.165316,12.657436,8.526072
S1093,11.869589,21.752007,15.165316,12.657436,8.526072,8.217415
S1094,21.752007,15.165316,12.657436,8.526072,8.217415,8.273625
S1095,15.165316,12.657436,8.526072,8.217415,8.273625,8.223041
S1096,12.657436,8.526072,8.217415,8.273625,8.223041,9.051653
S1097,8.526072,8.217415,8.273625,8.223041,9.051653,9.942785
S1098,8.217415,8.273625,8.223041,9.051653,9.942785,10.263583
S1099,8.273625,8.223041,9.051653,9.942785,10.263583,9.878169
S1100,8.223041,9.051653,9.942785,10.263583,9.878169,9.082108
S1101,9.051653,9.942785,10.263583,9.878169,9.082108,9.241453
S1102,9.942785,10.263583,9.878169,9.082108,9.241453,8.816898
S1103,10.263583,9.878169,9.082108,9.241453,8.816898,8.919316
S1104,9.878169,9.082108,9.241453,8.816898,8.919316,9.137356
S1105,9.082108,9.241453,8.816898,8.919316,9.137356,9.119847
S1106,9.241453,8.816898,8.919316,9.137356,9.119847,9.213474
S1107,8.816898,8.919316,9.137356,9.119847,9.213474,9.240695
S1108,8.919316,9.137356,9.119847,9.213474,9.240695,9.030587
S1109,9.137356,9.119847,9.213474,9.240695,9.030587,8.922117
S1110,9.119847,9.213474,9.240695,9.030587,8.922117,8.876661
S1111,9.213474,9.240695,9.030587,8.922117,8.876661,7.5869193
S1112,9.240695,9.030587,8.922117,8.876661,7.5869193,7.5537777
S1113,9.030587,8.922117,8.876661,7.5869193,7.5537777,8.330671
S1114,8.922117,8.876661,7.5869193,7.5537777,8.330671,9.161481
S1115,8.876661,7.5869193,7.5537777,8.330671,9.161481,9.254306
S1116,7.5869193,7.5537777,8.330671,9.161481,9.254306,9.099217
S1117,7.5537777,8.330671,9.161481,9.254306,9.099217,8.92092
S1118,8.330671,9.161481,9.254306,9.099217,8.92092,8.867663
S1119,9.161481,9.254306,9.099217,8.92092,8.867663,8.9812765
S1120,9.254306,9.099217,8.92092,8.867663,8.9812765,9.125878
S1121,9.099217,8.92092,8.867663,8.9812765,9.125878,9.231426
S1122,8.92092,8.867663,8.9812765,9.125878,9.231426,9.4058485
S1123,8.867663,8.9812765,9.125878,9.231426,9.4058485,9.277136
S1124,8.9812765,9.125878,9.231426,9.4058485,9.277136,10.650211
S1125,9.125878,9.231426,9.4058485,9.277136,10.650211,16.99719
S1126,9.231426,9.4058485,9.277136,10.650211,16.99719,16.231506
S1127,9.4058485,9.277136,10.650211,16.99719,16.231506,12.080651
S1128,9.277136,10.650211,16.99719,16.231506,12.080651,10.562823
S1129,10.650211,16.99719,16.231506,12.080651,10.562823,10.529495
S1130,16.99719,16.231506,12.080651,10.562823,10.529495,10.895875
S1131,16.231506,12.080651,10.562823,10.529495,10.895875,9.268233
S1132,12.080651,10.562823,10.529495,10.895875,9.268233,10.313869
S1133,10.562823,10.529495,10.895875,9.268233,10.313869,9.799004
S1134,10.529495,10.895875,9.268233,10.313869,9.799004,10.251871
S1135,10.895875,9.268233,10.313869,9.799004,10.251871,9.974422
S1136,9.268233,10.313869,9.799004,10.251871,9.974422,9.369709
S1137,10.313869,9.799004,10.251871,9.974422,9.369709,10.01646
S1138,9.799004,10.251871,9.974422,9.369709,10.01646,9.416146
S1139,10.251871,9.974422,9.369709,10.01646,9.416146,9.878489
S1140,9.974422,9.369709,10.01646,9.416146,9.878489,8.847566
S1141,9.369709,10.01646,9.416146,9.878489,8.847566,7.440236
S1142,10.01646,9.416146,9.878489,8.847566,7.440236,7.3344836
S1143,9.416146,9.878489,8.847566,7.440236,7.3344836,7.3289323
S1144,9.878489,8.847566,7.440236,7.3344836,7.3289323,7.1944566
S1145,8.847566,7.440236,7.3344836,7.3289323,7.1944566,7.1469975
S1146,7.440236,7.3344836,7.3289323,7.1944566,7.1469975,7.1469975
S1147,7.3344836,7.3289323,7.1944566,7.1469975,7.1469975,7.234497
S1148,7.3289323,7.1944566,7.1469975,7.1469975,7.234497,7.504833
S1149,7.1944566,7.1469975,7.1469975,7.234497,7.504833,7.4445
S1150,7.1469975,7.1469975,7.234497,7.504833,7.4445,7.263731
S1151,7.1469975,7.234497,7.504833,7.4445,7.263731,7.16283
S1152,7.234497,7.504833,7.4445,7.263731,7.16283,7.092168
S1153,7.504833,7.4445,7.263731,7.16283,7.092168,7.480401
S1154,7.4445,7.263731,7.16283,7.092168,7.480401,7.198219
S1155,7.263731,7.16283,7.092168,7.480401,7.198219,7.092168
S1156,7.16283,7.092168,7.480401,7.198219,7.092168,7.092168
S1157,7.092168,7.480401,7.198219,7.092168,7.092168,7.092168
S1158,7.480401,7.198219,7.092168,7.092168,7.092168,7.092168
S1159,7.198219,7.092168,7.092168,7.092168,7.092168,7.092168
S1160,7.092168,7.092168,7.092168,7.092168,7.092168,7.1448646
S1161,7.092168,7.092168,7.092168,7.092168,7.1448646,7.092168
S1162,7.092168,7.092168,7.092168,7.1448646,7.092168,7.092168
S1163,7.092168,7.092168,7.1448646,7.092168,7.092168,7.092168
S1164,7.092168,7.1448646,7.092168,7.092168,7.092168,7.16283
S1165,7.1448646,7.092168,7.092168,7.092168,7.16283,7.092168
S1166,7.092168,7.092168,7.092168,7.16283,7.092168,7.092168
S1167,7.092168,7.092168,7.16283,7.092168,7.092168,7.1741633
S1168,7.092168,7.16283,7.092168,7.092168,7.1741633,7.210886
S1169,7.16283,7.092168,7.092168,7.1741633,7.210886,7.12889
S1170,7.092168,7.092168,7.1741633,7.210886,7.12889,7.092168
