Segment,RMSE,MAE,Pearson_r,R2,Max_Error,MAPE
S1,7.082823,6.465024,0.285568,-4.829182,10.789773,2.771669
S2,7.080825,6.44394,0.260443,-5.380151,10.789773,2.770148
S3,7.242946,6.641247,0.023021,-1.78189,10.789773,2.703071
S4,7.12341,6.455691,-0.001835,-1.775161,10.789773,2.533414
S5,7.182161,6.651053,0.053717,-1.807128,10.789773,2.595846
S6,6.929542,6.285546,-0.006619,-1.812894,10.789773,2.016229
S7,6.636899,5.722652,-0.106914,-1.708224,10.789773,1.625665
S8,6.319954,5.201282,-0.144397,-1.603393,10.789773,1.377769
S9,5.881752,4.663987,-0.111005,-1.397678,10.789773,1.155601
S10,5.513949,4.354095,-0.06937,-0.7252,10.789773,0.933242
S11,5.060183,3.911763,0.030158,-0.324087,10.789773,0.817446
S12,4.415196,3.283296,0.186428,-0.053921,10.789773,0.651701
S13,3.145269,2.4756,0.768702,0.382226,7.068562,0.354643
S14,3.300122,2.722157,0.750723,0.290453,7.068562,0.379238
S15,2.71814,2.367844,0.665738,0.322414,4.903285,0.367744
S16,2.611834,2.271316,0.57563,0.231616,4.903285,0.307087
S17,2.457758,2.102091,0.584115,0.127042,4.903285,0.245212
S18,2.345565,1.949896,0.710679,0.157287,4.903285,0.209511
S19,2.446325,2.138439,0.731859,0.087231,4.903285,0.234776
S20,2.45633,2.163909,0.783705,0.237177,4.903285,0.246512
S21,2.50155,2.217909,0.820253,0.342348,4.903285,0.27934
S22,2.244941,2.065154,0.724213,0.394807,3.503382,0.323852
S23,2.107152,1.891801,0.585627,0.266102,3.503382,0.313207
S24,2.098169,1.872433,0.462978,0.145492,3.503382,0.314365
S25,2.809991,2.328255,-0.00129,-0.221082,6.567281,0.753196
S26,3.360083,2.642999,-0.294753,-0.951318,7.280313,0.972744
S27,3.315452,2.582254,-0.222115,-1.311816,7.280313,0.9736
S28,3.357479,2.634756,-0.194228,-1.086287,7.280313,0.97602
S29,4.273612,3.297884,-0.09602,-0.287803,9.250072,1.008561
S30,5.580799,4.264986,-0.078843,-0.105942,12.462484,1.046778
S31,5.549833,4.172033,-0.052274,-0.077326,12.462484,1.030946
S32,5.88376,4.65073,-0.031823,-0.072208,12.462484,1.045613
S33,6.012602,4.860282,-0.115074,-0.138621,12.462484,1.018293
S34,6.007252,4.849586,-0.203964,-0.240658,12.462484,0.964015
S35,6.056433,5.021788,-0.235474,-0.227872,12.462484,0.994126
S36,6.057869,5.031284,-0.260071,-0.238021,12.462484,0.994672
S37,5.827069,4.75032,-0.392685,-0.50707,12.462484,0.570068
S38,5.533914,4.444514,-0.166863,-0.523793,12.462484,0.39105
S39,5.911001,4.894957,-0.173107,-0.826344,12.462484,0.40608
S40,6.073777,5.119933,-0.384355,-0.977116,12.462484,0.413929
S41,5.465701,4.446323,-0.162372,-0.653852,12.462484,0.377586
S42,4.795674,4.11885,-0.062271,-0.662676,8.5328,0.369792
S43,4.805134,4.149527,-0.049081,-0.671555,8.5328,0.372818
S44,4.411224,3.733656,-0.089664,-0.596136,8.5328,0.353643
S45,4.229588,3.5163,0.010186,-0.30116,8.5328,0.364917
S46,4.42824,3.722171,0.252802,-0.019929,8.5328,0.998199
S47,4.651857,3.963626,0.454983,0.065978,8.5328,1.310867
S48,4.824213,4.260275,0.500116,0.082699,8.5328,1.420602
S49,4.735968,4.018809,0.466067,0.080608,8.5328,1.400688
S50,4.801754,4.095838,0.622259,0.070608,8.5328,1.362029
S51,5.149322,4.294897,-0.012325,-0.04238,9.881905,5.420372
S52,5.887417,4.77154,-0.289462,-0.423307,11.405216,6.400755
S53,7.134063,5.841451,-0.397828,-0.944842,14.005693,8.787199
S54,7.64654,6.196613,-0.46298,-2.361792,14.005693,10.285818
S55,8.200247,6.924195,-0.488975,-3.434853,14.005693,11.239479
S56,8.695297,7.61768,-0.456985,-5.031653,14.005693,11.817831
S57,10.569524,9.170722,-0.107195,-0.471837,20.942748,11.832169
S58,11.139942,9.83117,-0.270944,-0.316931,20.942748,11.230557
S59,11.281751,10.05785,-0.398288,-0.281779,20.942748,10.920055
S60,11.27064,10.029116,-0.498404,-0.284027,20.942748,10.82525
S61,11.523986,10.698434,-0.616609,-0.275057,20.942748,10.86104
S62,12.098499,11.449134,-0.615438,-0.22264,20.942748,10.877321
S63,12.063765,11.405515,-0.69386,-0.249775,20.942748,7.131467
S64,11.859053,11.158797,-0.684289,-0.279349,20.942748,6.154843
S65,11.23765,10.399318,-0.641469,-0.303607,20.942748,3.784377
S66,10.642623,9.560899,-0.535448,-0.383056,20.942748,2.259513
S67,10.444901,9.32943,-0.001492,-0.289146,20.942748,3.8474
S68,10.095353,8.830814,0.292609,-0.442787,20.942748,3.283906
S69,8.24865,7.557635,0.435259,-0.090122,13.543386,4.658735
S70,7.314976,6.602475,0.507624,0.033725,13.543386,4.623263
S71,6.977838,6.196848,0.543637,0.136945,13.543386,4.656395
S72,7.234157,6.500053,0.310618,0.083739,13.543386,4.742694
S73,6.898827,6.100722,0.30505,0.086668,13.543386,4.728772
S74,5.859947,5.38345,0.279875,-0.064514,9.358476,4.732623
S75,5.862216,5.38487,0.256897,0.009593,9.375514,4.423699
S76,5.501946,5.073628,0.455885,0.195604,9.375514,4.404539
S77,5.352407,4.841824,0.471726,0.185115,9.375514,4.399201
S78,5.295387,4.6501,0.495937,0.192671,9.375514,4.384009
S79,5.207604,4.586387,0.379267,0.018568,9.375514,1.908308
S80,5.273747,4.660854,0.419643,-0.003831,9.375514,1.932553
S81,5.972464,5.125639,0.023091,-0.759324,11.242008,0.642377
S82,6.732479,5.879869,-0.046786,-0.995932,11.242008,0.845441
S83,6.967424,6.182335,-0.253227,-1.239504,11.242008,0.884451
S84,8.813575,7.219279,-0.28489,-0.339382,20.269726,0.825608
S85,8.996598,7.523251,-0.290688,-0.336755,20.269726,0.902949
S86,9.152868,7.748739,-0.267745,-0.326676,20.269726,0.987087
S87,9.577639,8.095911,-0.338948,-0.317204,20.269726,0.993507
S88,9.795218,8.414279,-0.469466,-0.462747,20.269726,1.139746
S89,9.873777,8.638036,-0.389544,-0.441116,20.269726,1.206673
S90,10.027419,9.108021,-0.235275,-0.414606,20.269726,1.413887
S91,9.894186,8.860913,-0.173789,-0.382386,20.269726,1.371028
S92,9.789344,8.529422,-0.157316,-0.356662,20.269726,1.325454
S93,9.324734,7.963544,-0.124866,-0.239841,20.269726,1.223372
S94,8.850487,7.385865,-0.050718,-0.148745,20.269726,1.031434
S95,8.620616,6.928754,0.004182,-0.12346,20.269726,0.93242
S96,6.570555,5.74752,-0.313631,-0.520785,13.54158,0.911585
S97,6.97958,6.054491,-0.355218,-0.664408,13.54158,1.010766
S98,7.215669,6.245206,-0.364596,-0.799334,13.54158,1.034652
S99,6.94111,6.091178,-0.351139,-2.410079,11.693247,1.118626
S100,8.718331,7.060957,-0.330575,-4.705531,20.167455,1.230932
S101,8.694477,7.015005,-0.37034,-5.061394,20.167455,1.196749
S102,8.522676,6.606985,-0.52001,-6.671967,20.167455,0.997657
S103,8.506558,6.569518,-0.482075,-6.098017,20.167455,1.011813
S104,8.568606,6.787419,-0.447729,-5.921658,20.167455,1.052665
S105,8.500955,6.619876,-0.392942,-5.873257,20.167455,1.045191
S106,8.491284,6.598628,-0.319007,-7.261242,20.167455,1.063813
S107,8.607364,6.890422,-0.226876,-7.756118,20.167455,1.093854
S108,8.426239,6.412023,-0.086283,-14.367953,20.167455,1.064157
S109,8.0607,6.070349,-0.223806,-6.200616,20.167455,0.898742
S110,7.730688,5.743357,-0.113152,-5.080641,20.167455,0.870837
S111,7.121889,5.211647,-0.031621,-3.596211,20.167455,0.847059
S112,4.340518,3.940563,0.439338,-0.410882,6.769205,0.769743
S113,4.543293,4.111491,0.54538,-0.235505,6.769205,1.431777
S114,4.810834,4.480523,0.605231,-0.240925,6.769205,1.790458
S115,5.105306,4.764463,0.600264,-0.311465,6.845591,1.993563
S116,5.515655,5.131337,0.600371,-0.374684,8.141027,3.227907
S117,5.838578,5.516924,0.603698,-0.49209,8.141027,3.480761
S118,5.979111,5.690593,0.602925,-0.557367,8.141027,3.61289
S119,5.79702,5.336235,0.592876,-0.514957,8.141027,3.578139
S120,6.146736,5.897442,0.451796,-0.30648,8.141027,3.611235
S121,5.85029,5.481114,0.395286,-0.632365,8.141027,3.590895
S122,5.587815,4.999799,0.380784,-0.438086,8.141027,3.462863
S123,5.380639,4.638563,0.391084,-0.322085,8.141027,3.363038
S124,5.207502,4.351314,0.266806,-0.238264,8.141027,3.176218
S125,4.990864,4.128521,0.198052,-0.240381,8.141027,2.537201
S126,4.763672,3.844432,0.059242,-0.166833,8.141027,2.184737
S127,4.352445,3.388122,0.145982,-0.071685,8.141027,1.947549
S128,3.672308,2.783356,0.238384,0.025406,7.088611,0.671943
S129,3.079232,2.309424,0.476109,0.171305,7.088611,0.399888
S130,2.600722,1.919071,0.624797,0.22436,7.088611,0.23205
S131,2.697465,2.063959,0.585073,0.199347,7.088611,0.256745
S132,2.374394,1.93411,0.552418,0.207745,5.530418,0.251959
S133,2.345246,1.888184,0.62085,0.243599,5.530418,0.246042
S134,2.464744,2.088648,0.451142,0.157737,5.530418,0.26908
S135,2.512896,2.170295,0.595107,0.292816,5.530418,0.301478
S136,2.796533,2.422774,0.428925,0.12484,5.530418,0.329914
S137,2.830449,2.448063,0.670393,0.395318,5.530418,2.214014
S138,3.030887,2.627547,0.71575,0.46038,5.530418,3.191803
S139,3.318354,2.919754,0.738701,0.462634,5.530418,3.944891
S140,3.609205,3.262433,0.747337,0.442873,5.530418,4.723721
S141,3.915566,3.600518,0.685228,0.339328,5.530418,4.997641
S142,4.255261,3.995797,0.590245,0.185906,5.882591,5.233285
S143,4.565585,4.30173,0.485399,0.052463,6.309336,5.341842
S144,4.287127,3.924369,0.469579,-0.211792,6.309336,5.319519
S145,4.643174,4.347251,0.349609,-0.770221,6.309336,5.583264
S146,4.990564,4.699526,0.399933,-1.467724,6.863718,6.168856
S147,5.02073,4.763942,0.426314,-1.43459,6.863718,6.171683
S148,4.919806,4.627601,0.647072,-1.031393,6.863718,6.15245
S149,4.787899,4.317132,0.592842,-0.795723,6.863718,4.192532
S150,4.640083,4.078167,0.558212,-0.72391,6.863718,3.214495
S151,4.479271,3.878982,0.413512,-0.472356,6.863718,2.464387
S152,4.290312,3.650377,0.277032,-0.319576,6.863718,1.692404
S153,3.993158,3.212296,0.194023,-0.260785,6.863718,1.409008
S154,3.676769,2.917241,0.132396,-0.257795,6.863718,1.193331
S155,3.509681,2.811438,0.219714,-0.1752,6.863718,1.150688
S156,3.64997,3.029053,-0.030497,-0.352135,6.863718,1.200433
S157,3.190758,2.620781,-0.057097,-0.294167,6.863718,0.944309
S158,2.509931,2.109836,-0.058679,-0.313752,5.039696,0.343969
S159,2.602724,2.184467,0.356613,0.007766,5.039696,0.46912
S160,2.616464,2.196686,0.581527,0.071956,5.039696,0.544971
S161,2.762025,2.436031,0.703489,0.178657,5.039696,0.794457
S162,2.91067,2.604964,0.755772,0.233579,5.039696,1.155774
S163,3.031705,2.718502,0.825982,0.104702,5.039696,1.662043
S164,3.244051,2.91326,0.879255,-0.305872,5.039696,2.489968
S165,3.584116,3.338332,0.860554,-1.03158,5.281757,14.22913
S166,3.676625,3.449866,0.830866,-1.621586,5.281757,14.397481
S167,3.729196,3.486862,0.834653,-1.735928,5.483657,15.048572
S168,3.660758,3.406033,0.768048,-0.618138,5.483657,15.014567
S169,3.703049,3.488357,0.725584,-0.997703,5.483657,15.05775
S170,3.697342,3.441658,0.702411,-0.914881,5.483657,15.049334
S171,3.674053,3.41698,0.657234,-0.819101,5.483657,14.941695
S172,3.699862,3.446839,0.656741,-0.702026,5.483657,14.895444
S173,3.661554,3.395856,0.681647,-0.571394,5.483657,14.678319
S174,3.644468,3.377494,0.657198,-0.626073,5.483657,14.359243
S175,3.513165,3.213433,0.648211,-0.542158,5.483657,13.857439
S176,3.325393,3.029157,0.548988,-0.723218,5.483657,13.047547
S177,3.000036,2.738098,0.446841,-0.884496,5.483657,1.331865
S178,2.878218,2.616845,0.250266,-0.567381,5.483657,1.152983
S179,2.890144,2.623075,-0.136057,-0.36501,5.558415,0.440378
S180,2.876801,2.608005,-0.014476,-0.438266,5.558415,0.461593
S181,3.557578,3.045263,-0.482163,-0.33128,7.632465,0.445711
S182,5.537944,4.256183,-0.824238,-0.332806,14.70303,0.503143
S183,5.477558,4.125573,-0.32509,-0.240346,14.70303,0.491338
S184,5.456992,4.089901,0.030036,-0.083321,14.70303,0.653202
S185,5.481568,4.13873,0.227715,0.025286,14.70303,0.858587
S186,5.54591,4.231048,0.397582,0.122043,14.70303,1.78697
S187,5.609107,4.362987,0.516092,0.185968,14.70303,4.184085
S188,5.688773,4.502849,0.624759,0.228982,14.70303,6.834668
S189,5.79511,4.705886,0.707038,0.242741,14.70303,7.678803
S190,5.959111,4.962066,0.692573,0.208416,14.70303,12.853136
S191,5.853522,4.831454,0.596906,0.141337,14.70303,13.005442
S192,5.820548,4.726419,0.60747,0.159675,14.70303,12.976287
S193,5.420208,4.262237,0.498196,0.05312,14.70303,12.971759
S194,3.866013,3.583361,0.824059,0.032942,6.556521,12.950999
S195,4.923333,4.328655,0.813873,0.273239,10.706315,12.947926
S196,6.767427,5.446363,0.738743,0.232969,16.350476,12.792674
S197,7.417909,6.10544,0.780334,0.218535,16.350476,12.601075
S198,9.193142,7.348892,0.743068,0.077642,19.318217,11.674191
S199,10.747636,8.69322,0.756885,-0.088546,19.595081,9.312246
S200,12.02073,9.94569,0.756207,-0.331671,19.595081,6.68594
S201,12.229666,10.332636,0.65253,-0.61917,19.595081,5.859004
S202,12.485475,10.740655,0.419245,-1.161302,19.595081,0.706224
S203,13.00497,11.509942,0.290156,-2.217285,19.595081,0.563899
S204,13.254709,12.155772,0.252418,-3.5615,19.595081,0.590438
S205,13.281393,12.281476,-0.265438,-4.08667,19.595081,0.601284
S206,13.156849,11.890448,-0.328606,-3.400878,19.595081,0.57731
S207,12.922197,11.533092,-0.007533,-2.722946,19.595081,0.575763
S208,12.05266,10.386884,0.291114,-1.698523,19.595081,0.546918
S209,11.641737,9.622257,0.419171,-0.96221,19.595081,0.541995
S210,10.233005,8.166196,0.541152,-0.486693,19.595081,0.521158
S211,8.682023,7.004123,0.619103,-0.097989,19.086465,1.917444
S212,6.814247,5.756877,0.699348,0.067276,13.222502,1.893014
S213,6.550165,5.519919,0.675148,0.199561,13.222502,3.928113
S214,6.059786,5.124794,0.554984,0.19917,13.222502,4.300838
S215,4.73583,4.17475,0.281359,0.077107,8.952227,4.281812
S216,4.142569,3.771675,0.261229,-0.194988,6.418047,4.275022
S217,6.964839,5.117551,0.11382,-2.378295,19.721241,4.513352
S218,6.986862,5.185223,0.359861,-1.370712,19.721241,4.512611
S219,6.9558,5.150346,0.581021,-0.997055,19.721241,4.49896
S220,7.979252,6.083177,0.567149,-1.630302,19.721241,4.668001
S221,8.476554,6.773929,0.538614,-2.059607,19.721241,4.759086
S222,8.626578,7.107453,0.522463,-2.210989,19.721241,4.774253
S223,8.656634,7.151372,0.376583,-1.171664,19.721241,3.34198
S224,9.011144,7.607955,0.332033,-0.578415,19.721241,3.340952
S225,9.025935,7.629626,0.130888,-0.640513,19.721241,1.289696
S226,8.941584,7.45846,-0.164893,-0.924729,19.721241,0.892854
S227,9.864615,8.518904,-0.607916,-1.019744,19.721241,0.911356
S228,11.186295,9.73678,-0.751038,-1.045703,19.721241,0.92914
S229,11.89275,10.108182,-0.794112,-1.064042,24.178067,0.702164
S230,14.020501,12.040268,-0.846972,-1.290342,25.861278,0.751372
S231,15.26925,13.356326,-0.907935,-1.575139,25.861278,0.776781
S232,15.238332,13.321601,-0.750495,-2.353051,25.861278,0.631691
S233,15.34335,13.468276,-0.379932,-3.731249,25.861278,0.557396
S234,15.253526,13.072868,0.062201,-3.35214,25.861278,0.514642
S235,15.181699,12.845876,0.32635,-1.577222,25.861278,0.681722
S236,15.022618,12.535275,0.336853,-0.914318,25.861278,0.914425
S237,14.942381,12.283503,0.439662,-0.601096,25.861278,0.984835
S238,14.917737,12.137866,0.546811,-0.492668,25.861278,0.987847
S239,14.323732,11.074408,0.373426,-0.390927,25.861278,0.958307
S240,13.365231,9.987402,0.066067,-0.304044,25.861278,0.977172
S241,12.162014,9.197311,-0.08156,-0.359532,25.861278,1.06833
S242,11.868657,9.056409,-0.080857,-1.152064,24.170453,1.24433
S243,10.160207,7.642456,0.002175,-2.639789,24.170453,1.223469
S244,9.449067,6.810669,0.238462,-2.148103,24.170453,1.182729
S245,9.11412,6.49836,0.460484,-2.595252,24.170453,1.185391
S246,10.619065,7.982279,0.482975,-3.76491,24.170453,1.321906
S247,10.593923,7.89039,0.5099,-1.779316,24.170453,1.138854
S248,10.478655,7.593397,0.442661,-2.17927,24.170453,0.893552
S249,10.455756,7.505891,0.345937,-2.722055,24.170453,0.817086
S250,10.454275,7.496184,0.292463,-2.917647,24.170453,0.809578
S251,12.016073,9.063951,0.060805,-0.930198,24.170453,0.839029
S252,13.399163,10.36603,-0.023711,-0.489768,24.170453,0.810722
S253,14.762095,11.308884,0.009883,-0.260956,26.01122,0.704861
S254,13.174271,9.89511,0.217237,-0.017153,26.01122,0.527673
S255,13.604306,10.551959,0.157328,-0.125053,26.01122,0.529275
S256,13.707357,10.830052,0.172635,-0.135799,26.01122,0.547293
S257,13.642056,10.708586,0.222112,-0.177907,26.01122,0.517389
S258,12.756516,9.864296,0.530079,-0.079024,26.01122,0.415021
S259,12.750436,9.827934,0.727043,0.009046,26.01122,0.427561
S260,12.73477,9.696497,0.765988,0.060729,26.01122,0.418175
S261,12.763588,9.82066,0.799006,0.120335,26.01122,0.484954
S262,12.798196,9.992829,0.815867,0.155311,26.01122,0.523919
S263,11.487138,8.817881,0.787705,0.273017,26.01122,0.639005
S264,10.979455,8.526341,0.388913,0.121052,26.01122,0.911034
S265,9.646824,7.910479,-0.061593,-0.995046,18.620876,1.089314
S266,9.953408,8.238098,-0.080893,-1.111429,18.620876,1.138981
S267,15.014715,10.592722,-0.04785,-8.293467,40.962466,1.461674
S268,15.602682,11.379049,0.065554,-12.583364,40.962466,1.550666
S269,15.598854,11.369958,0.123221,-6.633669,40.962466,1.540583
S270,15.813964,11.686394,0.20354,-2.143485,40.962466,1.524514
S271,17.75946,13.865357,0.123608,-0.705443,40.962466,1.553062
S272,22.893112,17.975249,-0.109118,-0.477954,50.048848,1.607746
S273,28.311466,22.484844,-0.339616,-0.574051,57.819149,1.591995
S274,33.454751,27.33865,-0.49761,-0.696373,61.847797,1.610611
S275,34.967878,29.783827,-0.639278,-0.900685,61.847797,1.501752
S276,35.184719,30.162527,-0.669263,-1.186294,61.847797,1.233205
S277,34.892122,29.446973,-0.52786,-1.088656,61.847797,1.234634
S278,34.786459,29.016654,-0.49732,-1.232829,61.847797,1.149148
S279,32.901204,26.612179,-0.286075,-0.856042,61.847797,1.437219
S280,32.573987,25.436034,-0.013139,-0.807249,61.847797,1.333043
S281,32.561079,25.367123,0.084604,-0.639091,61.847797,1.38243
S282,32.399356,24.791143,0.207347,-0.459153,61.847797,1.45795
S283,31.484987,23.227707,0.186417,-0.29738,61.847797,1.781756
S284,28.153929,19.973481,0.280983,-0.110633,61.847797,4.491705
S285,22.953734,16.188741,0.551807,0.072145,61.847797,9.399997
S286,14.685985,11.828838,0.910155,0.266665,35.841755,10.110606
S287,10.691656,9.530379,0.762575,0.016537,22.356627,10.233288
S288,8.688795,8.153401,0.447572,-0.765788,12.402268,10.210575
S289,8.786836,8.234812,0.488717,-0.188896,12.402268,10.02216
S290,8.995398,8.483267,0.399794,-0.166901,12.402268,10.031282
S291,8.75882,8.291631,0.408074,0.005997,12.402268,9.419559
S292,8.739541,8.153919,0.374082,0.012195,12.402268,9.405915
S293,8.585915,7.732801,0.416838,0.047701,12.402268,9.337897
S294,8.556684,7.686271,0.411195,0.068359,12.402268,9.256022
S295,8.270122,7.357177,0.210062,0.04158,12.402268,8.92289
S296,7.83147,6.942075,0.031477,-0.03689,12.402268,6.201558
S297,9.116067,7.606316,-0.25123,-0.733826,20.373153,1.469627
S298,8.822342,7.249823,-0.382782,-1.02157,20.373153,0.751294
S299,8.806845,7.233083,-0.467454,-1.200734,20.373153,0.684539
S300,8.766116,7.167275,-0.417152,-1.175905,20.373153,0.718361
S301,8.180248,6.370602,-0.388763,-1.646431,20.373153,0.690211
S302,8.254083,6.435535,-0.305275,-2.011612,20.373153,0.938645
S303,8.003994,6.192003,-0.335454,-3.168864,20.373153,0.937595
S304,8.049458,6.407634,-0.267626,-3.095353,20.373153,0.970418
S305,8.179973,6.778284,-0.075531,-2.700714,20.373153,1.133776
S306,8.427192,7.076115,0.09262,-3.512716,20.373153,3.610235
S307,8.569518,7.262983,0.140088,-3.128681,20.373153,7.366517
S308,8.616441,7.326031,0.19824,-2.732845,20.373153,9.583603
S309,6.620243,6.217996,0.305703,-1.04096,9.73342,10.791961
S310,7.02312,6.586344,0.233546,-1.244256,9.73342,11.463103
S311,7.379391,6.852101,0.1044,-1.456315,11.248447,11.929116
S312,7.244632,6.54318,0.397711,-0.722574,11.248447,11.877882
S313,7.886492,7.329979,0.386244,-1.312697,11.248447,12.100907
S314,7.525644,6.959837,0.451782,-1.018768,11.248447,11.870592
S315,7.441681,6.859893,0.752631,-1.901059,11.248447,11.903437
S316,7.711318,7.245405,0.788421,-2.269057,11.248447,12.074905
S317,7.734446,7.279207,0.799553,-2.272046,11.248447,11.998539
S318,7.431615,6.930645,0.776199,-2.131576,11.248447,9.550005
S319,7.248173,6.717415,0.440467,-1.416033,11.248447,5.785289
S320,7.00888,6.33819,0.167898,-1.438224,11.248447,3.531249
S321,6.707451,5.805366,-0.073878,-1.583187,11.248447,2.081577
S322,6.10343,5.067951,-0.104976,-1.612368,11.248447,1.358009
S323,5.247114,4.392674,0.060308,-1.318576,10.892673,0.836548
S324,6.491199,5.390091,-0.425037,-0.757854,13.305141,0.879799
S325,5.963016,5.007521,-0.358931,-0.405267,13.305141,0.680121
S326,5.773847,4.663701,-0.325583,-0.288877,13.305141,0.641444
S327,5.592934,4.420539,-0.180784,-0.156149,13.305141,0.620265
S328,5.23715,4.071333,0.157602,0.003234,13.305141,0.522173
S329,4.997305,3.681284,0.373324,0.097877,13.305141,0.445161
S330,4.921611,3.58558,0.677141,0.266521,13.305141,0.921888
S331,4.789989,3.429687,0.709438,0.345396,13.305141,1.614779
S332,4.919468,3.617382,0.714605,0.348078,13.305141,1.962866
S333,5.020967,3.855972,0.72638,0.341609,13.305141,2.152598
S334,5.079397,4.019562,0.729264,0.329196,13.305141,2.204892
S335,5.087634,4.032554,0.749045,0.33076,13.305141,2.223094
S336,3.351865,3.016531,0.774129,0.265102,6.301828,2.185455
S337,2.955786,2.751361,0.760358,-0.962207,4.475148,2.220229
S338,3.487119,3.197083,0.562021,-2.262301,6.514539,2.530024
S339,4.073301,3.616354,0.515809,-0.047855,7.800735,2.521428
S340,5.220271,4.315885,0.448073,0.147863,11.816179,2.465193
S341,5.549911,4.796753,0.539881,0.201554,11.816179,2.488825
S342,6.14777,5.330532,0.670905,0.265017,11.816179,1.999047
S343,7.01675,6.078188,0.719108,0.19659,12.13631,1.32046
S344,8.026845,6.89074,0.717666,0.061651,14.225766,1.0038
S345,8.528529,7.47811,0.698098,-0.119032,14.225766,0.85063
S346,8.865764,7.982685,0.652533,-0.349222,14.225766,0.830757
S347,9.363458,8.619586,0.631726,-0.708249,14.225766,0.802238
S348,10.951309,10.169001,0.685705,-1.015014,19.705841,0.843153
S349,12.401525,11.608963,0.48557,-2.065534,20.399338,0.83253
S350,12.328749,11.446526,0.692635,-2.029661,20.399338,0.735327
S351,14.566704,13.12852,0.230538,-2.392471,27.984664,0.762989
S352,15.049194,13.613661,0.14966,-2.648156,27.984664,0.774728
S353,15.311278,14.047156,0.182775,-2.947391,27.984664,0.793452
S354,15.174894,13.794856,0.328821,-2.4157,27.984664,0.803028
S355,14.781078,12.982879,0.432233,-1.372596,27.984664,0.82842
S356,14.22198,12.029923,0.496114,-0.798019,27.984664,0.902616
S357,13.931752,11.460955,0.511718,-0.504046,27.984664,1.007841
S358,13.73019,11.003685,0.394086,-0.382345,27.984664,1.013423
S359,13.364416,10.168159,0.324277,-0.320899,27.984664,0.978698
S360,12.226981,9.046538,-0.032393,-0.258238,27.984664,1.148502
S361,11.28264,8.366261,-0.282325,-0.349882,27.984664,1.344849
S362,12.35059,9.485151,-0.211793,-0.714635,27.984664,1.299912
S363,10.654817,8.63211,-0.074841,-1.89233,17.991975,1.390652
S364,17.944888,11.582115,0.502245,-10.974152,53.037921,1.595847
S365,17.823517,11.37624,0.663713,-5.857429,53.037921,1.56938
S366,18.106334,11.893215,0.727007,-3.549905,53.037921,1.561106
S367,18.120485,11.981015,0.627015,-2.893631,53.037921,1.501855
S368,18.393079,12.688446,0.475889,-2.832386,53.037921,1.415722
S369,19.052758,13.843239,0.272424,-2.449786,53.037921,1.311489
S370,19.998726,15.340486,0.111278,-1.910344,53.037921,1.3083
S371,20.842651,16.960522,-0.027892,-1.768679,53.037921,1.343555
S372,21.72004,18.279271,-0.268319,-2.315882,53.037921,1.167747
S373,23.112113,19.757708,-0.497415,-3.207477,53.037921,0.970917
S374,25.593678,21.768392,-0.599387,-3.622853,53.037921,0.852723
S375,25.969875,22.239758,-0.703341,-5.836063,53.037921,0.744508
S376,21.162516,18.628021,-0.388812,-4.153755,42.120191,0.513001
S377,21.017152,18.153563,-0.130681,-2.995042,42.120191,0.503032
S378,20.868699,17.877824,0.249708,-2.535392,42.120191,0.504669
S379,20.85779,17.801693,0.609572,-1.782359,42.120191,0.512738
S380,20.614966,17.072212,0.691315,-1.082702,42.120191,0.510197
S381,19.99678,15.858308,0.74593,-0.601581,42.120191,0.521154
S382,19.152216,14.715054,0.661036,-0.368576,42.120191,0.593488
S383,18.417629,13.77898,0.669457,-0.176559,42.120191,1.797872
S384,17.468195,12.677052,0.665582,-0.046392,42.120191,6.357916
S385,15.355098,10.857641,0.460981,0.031633,42.120191,6.419393
S386,9.965207,8.320971,0.223296,0.037594,23.404574,6.469492
S387,8.611435,7.6776,-0.083398,-0.706412,15.684122,6.918093
S388,8.648785,7.710184,0.005689,-1.551515,15.684122,6.964057
S389,10.466483,9.137026,-0.128032,-3.002344,20.736811,46.046846
S390,10.560921,9.234324,0.334124,-0.76973,20.736811,46.03404
S391,11.846106,10.586702,0.337734,-1.140825,20.736811,52.30847
S392,12.589035,11.624064,0.366444,-1.303913,20.736811,56.053587
S393,13.134312,12.480035,0.422594,-1.43424,20.736811,58.741062
S394,13.443332,12.88856,0.439074,-1.529001,20.736811,59.043174
S395,13.797835,13.304148,0.418193,-1.709285,20.736811,58.238622
S396,13.661955,13.049239,0.347503,-1.733629,20.736811,53.692659
S397,13.575226,12.884132,0.338736,-1.660375,20.736811,53.627257
S398,13.173959,12.140872,0.271451,-1.118517,20.736811,53.524697
S399,12.740565,11.712692,0.318082,-1.004991,20.736811,53.235149
S400,12.769492,11.748503,0.352577,-0.966597,20.736811,54.012029
S401,11.576761,10.772991,0.573262,-0.636546,18.761133,15.679657
S402,11.44739,10.622317,0.284828,-3.48091,18.761133,16.284077
S403,10.255945,9.596891,0.466654,-2.790815,14.974047,10.175744
S404,9.513134,8.926439,0.548916,-2.359559,14.112122,7.071165
S405,8.981505,8.459438,0.610942,-2.032036,14.112122,5.016712
S406,8.235253,7.539789,0.577729,-1.583126,14.112122,4.623526
S407,7.199844,6.590047,0.547368,-0.865934,10.545961,4.203057
S408,7.518562,6.897331,0.259347,-0.560117,10.545961,4.190577
S409,9.307727,8.048833,0.010814,-0.185832,19.981069,4.196054
S410,12.525848,10.249425,-0.309987,-0.160348,29.168142,4.248615
S411,15.827512,12.29864,-0.398288,-0.161818,35.136538,4.106688
S412,18.013123,14.05498,-0.340065,-0.265947,35.136538,3.312435
S413,19.275184,15.420919,0.020636,-0.390013,35.136538,2.600183
S414,21.541046,17.5478,0.130831,-0.669736,35.136538,2.035016
S415,21.542366,17.552188,0.291308,-0.836386,35.136538,1.888449
S416,21.48857,17.349588,0.41253,-1.030701,35.136538,1.25268
S417,21.390091,16.9559,0.643968,-1.249093,35.136538,0.594203
S418,22.245831,18.601866,0.619972,-1.90446,35.136538,0.63135
S419,22.238581,18.531555,0.550712,-1.71389,35.136538,0.634977
S420,22.07458,17.876192,0.428595,-1.391013,35.136538,0.605576
S421,21.313819,16.358876,0.285938,-1.016225,35.136538,0.565766
S422,19.743142,14.65913,-0.064666,-0.703026,35.136538,0.661052
S423,17.553218,13.060408,0.022503,-0.625785,34.502968,0.643028
S424,15.054089,10.803006,0.089205,-0.463647,34.502968,0.609569
S425,13.162109,8.882776,0.020754,-0.379985,34.502968,0.585378
S426,8.708959,6.39584,0.047826,-0.245443,21.218983,0.658973
S427,8.558867,6.133105,0.063496,-0.150566,21.218983,0.695102
S428,8.560299,6.135819,0.069536,-0.08346,21.218983,0.789134
S429,8.864399,6.595755,0.003286,-0.076511,21.218983,1.405667
S430,6.867672,5.540936,0.074075,-0.153814,15.951868,1.685985
S431,8.417803,6.79879,-0.128133,-0.64533,16.96574,2.743852
S432,9.172832,7.725009,-0.179515,-0.905319,16.96574,3.15694
S433,9.912203,8.671653,-0.187753,-1.224853,16.96574,3.39998
S434,11.250904,9.642245,-0.122105,-1.873282,20.418293,3.527557
S435,10.891009,9.363177,0.081467,-12.361566,20.418293,3.593841
S436,13.778873,11.45309,0.241192,-39.758593,29.584028,4.345076
S437,15.862085,13.531887,0.445483,-56.336634,29.584028,4.776049
S438,16.551703,14.562571,0.464534,-52.200535,29.584028,4.837248
S439,16.565187,14.622649,0.338714,-45.130512,29.584028,4.808952
S440,16.514032,14.283797,0.034872,-31.790008,29.584028,4.678635
S441,16.340571,13.744643,-0.227656,-26.353044,29.584028,4.048065
S442,16.189158,13.345107,-0.430412,-28.219686,29.584028,3.742682
S443,15.430659,11.946457,-0.556779,-32.443417,29.584028,2.659815
S444,14.987028,10.903837,-0.726371,-39.851125,29.584028,2.228494
S445,14.508723,9.958022,-0.828262,-41.090254,29.584028,1.98036
S446,13.261311,8.348492,-0.817701,-36.037257,29.584028,1.702975
S447,12.812715,7.656441,-0.780579,-31.871578,29.584028,1.644801
S448,9.675919,5.6376,-0.315644,-16.226336,27.324739,1.031048
S449,5.689914,3.645118,0.17873,-3.701569,17.027937,0.671815
S450,3.032595,2.512489,0.709058,0.03778,5.357937,0.631909
S451,3.124789,2.576147,0.794427,0.254608,5.357937,1.580783
S452,3.34728,2.886056,0.835051,0.221936,5.357937,2.08145
S453,3.551368,3.097982,0.827547,0.098631,5.357937,12.276683
S454,3.597242,3.138852,0.857654,0.074223,5.357937,12.61802
S455,3.609206,3.2098,0.824982,-0.073289,5.357937,12.636988
S456,3.668498,3.382312,0.705314,-0.137569,5.357937,12.658116
S457,3.758247,3.512328,0.605147,-0.19814,5.357937,12.671174
S458,3.850399,3.678969,0.458711,-0.185156,5.357937,12.687247
S459,4.020815,3.810758,0.667872,0.16314,5.879885,12.664318
S460,3.850437,3.660236,0.935974,0.308933,5.879885,12.521595
S461,3.722437,3.390104,0.917177,0.342941,5.879885,12.417909
S462,4.338952,3.808131,0.495994,0.158601,8.452713,21.24727
S463,4.562177,3.977718,0.288559,0.041273,8.452713,20.705146
S464,5.06311,4.352552,-0.002635,-0.15876,8.680681,23.802302
S465,5.50514,4.701765,-0.334059,-0.381301,8.783865,16.6204
S466,5.923877,5.071342,-0.599334,-0.529122,8.783865,19.157443
S467,6.416903,5.702479,-0.803737,-0.619779,8.783865,21.309717
S468,6.760676,6.155267,-0.834765,-0.75068,8.783865,25.306644
S469,7.135079,6.591617,-0.809933,-1.071826,8.783865,27.206351
S470,7.258317,6.796349,-0.670064,-1.508663,8.783865,27.471704
S471,7.2287,6.758393,-0.518807,-3.863468,8.783865,28.053058
S472,7.326839,6.916996,-0.117855,-12.39399,8.783865,28.945977
S473,7.428454,7.256321,0.077367,-139.250228,8.783865,33.104351
S474,7.145415,6.94234,0.244716,-115.725317,8.783865,24.842336
S475,6.985424,6.743398,0.260015,-138.975943,8.783865,25.296954
S476,6.672088,6.42827,0.246679,-127.468497,8.783865,30.933487
S477,6.37886,6.162006,0.220733,-117.955544,8.692093,38.443317
S478,6.082035,5.9029,0.301204,-100.705582,8.606954,36.290857
S479,5.934176,5.79095,0.561833,-80.497077,8.579617,34.64877
S480,5.810283,5.68855,0.723147,-43.77101,8.579617,30.869777
S481,5.687784,5.60112,0.936094,-36.376854,7.530461,29.276845
S482,5.988138,5.849758,0.889588,-45.158473,8.544075,29.860595
S483,6.182657,6.03146,0.882791,-48.205995,8.544075,30.108896
S484,6.254063,6.106643,0.87861,-55.67714,8.544075,30.119648
S485,6.325944,6.200655,0.879919,-58.918411,8.544075,28.757727
S486,6.326314,6.201154,0.88587,-53.991715,8.544075,28.503628
S487,6.354649,6.239241,0.890509,-51.280305,8.544075,28.22271
S488,6.338912,6.218318,0.905762,-45.211633,8.544075,19.539764
S489,6.267849,6.129744,0.915957,-39.561003,8.544075,9.512038
S490,6.220485,6.073352,0.927196,-36.154164,8.544075,9.45931
S491,6.040092,5.894756,0.926877,-31.879175,8.544075,9.344984
S492,5.878394,5.71712,0.937549,-47.310661,8.544075,11.282575
S493,5.613215,5.46356,0.928948,-80.609108,8.544075,11.705846
S494,5.222736,5.14443,0.921429,-93.760833,7.604838,11.565902
S495,4.925027,4.897818,0.903317,-124.394176,6.3571,11.1495
S496,4.767084,4.75931,0.826503,-199.790507,5.373423,10.571248
S497,4.69188,4.687334,0.715997,-303.033108,5.120401,8.100448
S498,4.679997,4.675278,0.74991,-271.188977,5.120401,7.979487
S499,4.656944,4.652909,0.770994,-266.66463,5.120401,7.784191
S500,4.697337,4.691621,0.686547,-263.134067,5.120401,7.662167
S501,4.733708,4.727783,0.703399,-259.755958,5.120401,7.82246
S502,4.740261,4.734062,0.707562,-255.737489,5.120401,7.888553
S503,4.655173,4.647146,0.77717,-114.981065,5.112605,8.310864
S504,4.57506,4.549083,0.688728,-46.790389,5.112605,6.356646
S505,4.390288,4.217706,0.477604,-6.285877,5.112605,5.607592
S506,4.175628,3.858323,0.487868,-3.021454,5.112605,4.879455
S507,3.971105,3.576154,0.507126,-2.31658,5.112605,4.463687
S508,3.748639,3.284711,0.44908,-1.915314,5.112605,4.143931
S509,3.562985,3.076573,0.340791,-1.841371,5.112605,3.896884
S510,3.448738,2.974801,0.16379,-1.962406,5.112605,3.899849
S511,3.332989,2.879145,-0.075854,-2.074029,5.112605,3.985076
S512,3.168886,2.757404,-0.128398,-2.167119,4.98147,4.234358
S513,3.036222,2.663822,0.109512,-2.130068,4.98147,7.645242
S514,2.823283,2.510138,0.350053,-2.112761,4.077407,7.147587
S515,2.566547,2.182177,0.580925,-1.445818,3.836764,6.311684
S516,2.5943,2.203801,0.768662,-1.404749,3.836764,6.528311
S517,3.056112,2.629459,0.333946,-0.360884,5.61912,6.567655
S518,3.743349,3.220886,-0.220552,-0.098576,7.499045,6.615316
S519,3.857201,3.404247,-0.439234,-0.054307,7.499045,6.621144
S520,4.024674,3.650795,-0.099085,-0.060269,7.499045,7.289082
S521,4.048048,3.692499,0.010158,-0.056717,7.499045,7.392085
S522,4.002776,3.630827,0.136578,-0.037205,7.499045,7.263602
S523,3.925659,3.525255,0.247682,-0.010598,7.499045,6.917692
S524,3.85065,3.430699,0.36861,0.017856,7.499045,6.493077
S525,3.761653,3.324913,0.441146,0.038549,7.499045,2.639768
S526,3.651981,3.087849,0.531234,0.064442,7.499045,2.36716
S527,3.766457,3.342313,0.598118,0.099259,7.499045,2.398177
S528,4.474187,3.809355,0.814686,0.143947,9.045969,2.008744
S529,4.432976,3.775465,0.383952,0.110957,9.045969,2.328344
S530,4.073319,3.518757,0.340699,0.061742,9.045969,2.505146
S531,4.055055,3.496439,0.362114,-0.006742,9.045969,2.574168
S532,3.92439,3.331951,0.320471,-0.008495,9.045969,1.940844
S533,10.271222,5.870654,-0.058625,-0.051451,32.976941,1.831735
S534,14.619223,8.666065,-0.229272,-0.172836,36.129849,1.676977
S535,18.857525,11.921264,-0.301573,-0.306401,41.324723,1.580778
S536,18.877555,12.038593,-0.362922,-0.301732,41.324723,5.498679
S537,18.878103,12.042584,-0.49007,-0.313195,41.324723,5.370942
S538,18.88919,12.206593,-0.594564,-0.309872,41.324723,5.426632
S539,18.89993,12.263929,-0.612422,-0.280655,41.324723,5.511073
S540,18.835253,12.114149,-0.575097,-0.272932,41.324723,5.503785
S541,18.77862,11.785421,-0.484075,-0.304014,41.324723,5.151679
S542,18.738055,11.510808,-0.479426,-0.332098,41.324723,4.935941
S543,18.759676,11.616717,-0.461009,-0.31911,41.324723,5.284433
S544,19.079475,12.455383,-0.472498,-0.41894,41.324723,5.28042
S545,16.55338,9.932991,-0.368475,-0.28624,41.324723,5.23804
S546,12.866233,7.081881,-0.232443,-0.145921,41.324723,5.207134
S547,4.915256,3.916668,-0.067526,-0.119778,12.246393,5.207684
S548,5.205877,4.182966,-0.265339,-0.394628,12.246393,1.203027
S549,6.284389,5.004356,-0.438178,-0.969249,12.471892,1.952791
S550,8.929009,6.656704,-0.450234,-2.846279,22.088778,2.940557
S551,9.35189,7.198502,-0.502706,-3.199341,22.088778,3.164372
S552,9.363715,7.213579,-0.505222,-4.734564,22.088778,3.372952
S553,9.697229,7.843407,-0.49723,-5.03183,22.088778,3.921474
S554,9.870002,8.288775,-0.46328,-5.1765,22.088778,4.263013
S555,9.907358,8.36395,-0.540172,-5.527519,22.088778,3.946315
S556,9.338858,7.703552,-0.31266,-18.451813,22.088778,3.925404
S557,9.379733,7.816532,0.348073,-4.838672,22.088778,3.915203
S558,9.414326,7.939107,0.435884,-3.031504,22.088778,3.891485
S559,9.406709,7.916765,0.403664,-2.938836,22.088778,3.848497
S560,9.228735,7.598549,0.258769,-2.669243,22.088778,3.707898
S561,8.503853,6.654223,0.247235,-2.36449,22.088778,2.87067
S562,5.715046,5.102995,0.514194,-0.563934,10.385048,1.848201
S563,4.904665,4.415858,0.607525,-0.225872,8.825656,1.542991
S564,4.411143,3.810504,0.621932,-0.088063,8.825656,1.291491
S565,3.659153,3.262613,0.66295,0.071692,6.467598,0.746509
S566,3.440911,3.125339,0.622458,-0.085325,5.364996,0.422395
S567,3.173664,2.907544,0.682275,-0.021631,4.820313,0.334907
S568,3.590725,3.151391,0.612111,0.084983,7.247782,0.613304
S569,3.848454,3.336623,0.399923,-0.032396,7.247782,1.349602
S570,4.133787,3.573456,0.104023,-0.142955,7.247782,4.442653
S571,4.471595,3.872146,0.141618,-0.09647,7.247782,5.635743
S572,4.690683,4.089926,0.383281,-0.098822,7.247782,6.405529
S573,4.8771,4.391989,0.517653,-0.114165,7.247782,11.061612
S574,4.954409,4.486088,0.590801,-0.302306,7.247782,12.391645
S575,4.941414,4.452955,0.559271,-0.306853,7.247782,12.39966
S576,4.96994,4.593293,0.332929,-0.459796,7.247782,12.420361
S577,5.014626,4.674724,0.205452,-0.521629,7.247782,12.429786
S578,4.872633,4.483658,0.146887,-0.797996,7.247782,12.418673
S579,4.9406,4.583238,0.4057,-0.188395,7.247782,12.391567
S580,4.623466,4.313975,0.521386,-0.031478,6.658348,12.123446
S581,5.069205,4.586634,0.330239,-0.243894,9.558685,12.344425
S582,4.822951,4.325363,0.326607,-0.211422,9.558685,9.277409
S583,4.73392,4.257293,0.278623,-0.274151,9.558685,8.276705
S584,4.52709,4.053093,0.197693,-0.359917,9.558685,7.538484
S585,4.313162,3.663728,0.073466,-0.407531,9.558685,2.869946
S586,4.187455,3.52117,-0.161192,-0.668227,9.558685,1.557297
S587,4.375092,3.769664,-0.337773,-0.806651,9.558685,1.640917
S588,4.461079,3.910622,-0.33253,-0.825485,9.558685,1.692494
S589,4.362725,3.64836,-0.196232,-0.830123,9.558685,1.664652
S590,4.35725,3.638694,-0.177958,-0.803825,9.558685,1.663184
S591,4.231137,3.443602,-0.112465,-1.754157,9.558685,1.672537
S592,4.212483,3.423384,0.135941,-1.287291,9.558685,1.986726
S593,3.370148,2.946582,0.654636,-0.335907,5.841518,2.548082
S594,3.414897,2.991699,0.726107,-0.150847,5.841518,4.31855
S595,3.230251,2.871945,0.828726,0.096986,4.723739,4.837144
S596,3.296006,2.928359,0.859663,0.146623,4.723739,7.517168
S597,3.574462,3.32002,0.839836,-0.131801,4.79228,10.867407
S598,3.789877,3.515211,0.819143,-0.301767,5.234836,11.538337
S599,3.883784,3.585255,0.811782,-0.360598,5.564266,11.754589
S600,4.111458,3.778814,0.739662,-0.560963,5.863553,11.920483
S601,4.390227,4.216527,0.597508,-1.628391,5.863553,12.133409
S602,4.761056,4.584058,0.617719,-14.637338,6.821888,12.593992
S603,5.134001,5.020739,0.856243,-36.74485,6.845494,13.56233
S604,5.243822,5.146563,0.887739,-38.548123,6.845494,13.79591
S605,5.273269,5.18465,0.857248,-42.968717,6.845494,12.655095
S606,5.382582,5.316262,0.838061,-48.608392,6.845494,11.151553
S607,5.349418,5.273349,0.665645,-56.729351,6.845494,10.569955
S608,5.421991,5.357466,0.52804,-75.439345,6.845494,8.084748
S609,5.257996,5.074428,0.390167,-11.985675,6.845494,4.752215
S610,5.036836,4.662033,0.22939,-5.081929,6.845494,4.03954
S611,4.821367,4.39327,0.134639,-2.088142,6.845494,3.71614
S612,4.831604,4.401625,0.161469,-0.567672,6.845494,3.515103
S613,4.579844,3.966859,0.243843,-0.350879,6.845494,3.302675
S614,4.1464,3.487734,0.376299,-0.12644,6.845494,2.833484
S615,3.647802,2.956959,0.468704,0.030687,5.963816,1.839428
S616,3.475022,2.818842,0.570199,0.147604,5.963816,3.126379
S617,3.398172,2.750886,0.614887,0.213497,5.963816,4.169909
S618,3.235401,2.630756,0.736947,0.341542,5.963816,4.943348
S619,3.257472,2.648683,0.792256,0.396535,5.963816,5.421321
S620,3.127404,2.558629,0.892487,0.479121,5.963816,6.798808
S621,3.30015,2.767976,0.937312,0.452882,5.963816,103.927402
S622,3.46242,3.047475,0.942735,0.39095,5.963816,104.42195
S623,3.5061,3.104266,0.931596,0.273552,5.963816,104.572039
S624,3.083758,2.730012,0.944736,-0.231246,4.104633,104.577644
S625,3.087684,2.766286,0.938863,-0.730721,4.104633,104.587604
S626,3.208776,2.944359,0.865048,-3.03095,4.104633,104.818713
S627,3.221972,2.997663,0.752274,-4.130235,4.104633,104.841743
S628,3.056056,2.762736,0.693957,-3.032975,4.104633,102.973688
S629,2.934306,2.625353,0.693851,-2.711579,4.104633,101.589747
S630,2.729244,2.356681,0.730788,-1.875144,4.104633,100.513169
S631,2.615913,2.272541,0.461252,-2.259565,4.070663,99.96876
S632,3.066401,2.506372,-0.162299,-3.8795,6.876634,100.362666
S633,3.53181,2.782341,-0.462483,-6.371363,7.219602,3.994139
S634,3.983516,3.091298,-0.644858,-8.675173,7.347571,4.248961
S635,4.566019,3.531226,-0.740009,-10.530009,8.299735,5.212589
S636,4.926892,3.956711,-0.745578,-12.205976,8.299735,5.617013
S637,5.189475,4.383477,-0.742439,-17.153875,8.299735,5.957384
S638,5.248976,4.467153,-0.854851,-18.153569,8.299735,5.919209
S639,5.390738,4.740689,-0.686554,-18.542913,8.299735,6.708638
S640,5.494144,4.986974,-0.265888,-19.015006,8.299735,7.772136
S641,5.594158,5.174579,0.025445,-18.508534,8.299735,8.46424
S642,5.697394,5.443822,0.472109,-38.442009,8.299735,9.001401
S643,5.744045,5.519073,0.72344,-59.171833,8.299735,9.580783
S644,5.550352,5.328232,0.766536,-46.996983,8.299735,8.134439
S645,5.296181,5.090223,0.780687,-40.585372,8.299735,8.15916
S646,5.005275,4.831731,0.786968,-37.152092,8.299735,10.217239
S647,4.593618,4.526202,0.902258,-31.758625,6.578597,10.142147
S648,4.406404,4.378148,0.922903,-34.638126,5.672823,11.685813
S649,4.264441,4.25312,0.938209,-28.760293,4.801956,11.547458
S650,4.134159,4.081168,0.591966,-2.686683,4.801956,11.366477
S651,4.016552,3.948008,0.664197,-0.781611,4.801956,10.572923
S652,3.868378,3.66544,0.691038,-0.51734,4.801956,9.494987
S653,3.691267,3.389355,0.689317,-0.269886,4.801956,8.754276
S654,4.713728,3.977323,0.54816,0.075676,10.83584,8.262949
S655,4.727466,3.993167,0.381819,0.069016,10.83584,7.629466
S656,4.964865,4.192188,0.109464,0.00446,10.83584,7.10007
S657,5.585654,4.651987,-0.228418,-0.159719,10.83584,6.35528
S658,6.067242,5.06814,-0.494758,-0.399342,10.83584,3.600286
S659,6.099397,5.108272,-0.525574,-0.727239,10.83584,2.585351
S660,5.9664,4.870603,-0.507614,-1.224419,10.83584,0.618697
S661,6.779171,5.514949,-0.381926,-2.174412,11.904641,0.466614
S662,6.780188,5.518126,-0.244126,-2.060462,11.904641,0.470952
S663,6.743725,5.400368,-0.111901,-1.421756,11.904641,0.481871
S664,6.762694,5.51874,0.25624,-1.117267,11.904641,0.544811
S665,6.830994,5.740146,0.650635,-0.704861,11.904641,1.715029
S666,6.167448,5.148014,0.653367,-0.364355,11.904641,4.267111
S667,6.136919,5.099843,0.706966,-0.176509,11.904641,6.749846
S668,5.849258,4.743338,0.734823,-0.036628,11.904641,7.004413
S669,5.170108,4.153102,0.742828,0.058481,11.904641,7.119242
S670,4.446207,3.495973,0.577988,0.076374,11.904641,7.098907
S671,4.199253,3.1311,0.480176,0.084204,11.904641,7.063938
S672,4.334315,3.318536,0.533534,0.102786,11.904641,7.07704
S673,4.104274,3.233346,0.892326,0.232603,10.882362,7.070143
S674,5.774998,4.237897,0.952425,0.303122,14.242685,7.094538
S675,10.049898,6.499445,0.96356,0.185277,28.525824,7.118867
S676,15.830225,9.883998,0.929472,0.018537,42.407073,7.119259
S677,19.613546,12.953575,0.948291,-0.113711,42.407073,6.005089
S678,22.502317,15.841974,0.945968,-0.268514,42.407073,3.460595
S679,28.772591,20.726002,0.894277,-0.520783,62.218369,1.008623
S680,35.025132,26.271195,0.878189,-0.808543,69.239055,0.774128
S681,35.028191,26.306769,0.686306,-0.887317,69.239055,0.638297
S682,35.035647,26.431143,0.549417,-0.935663,69.239055,0.639388
S683,35.080009,26.882577,0.477826,-1.048757,69.239055,0.664941
S684,36.188556,29.122273,0.375206,-1.417635,69.239055,0.691129
S685,36.064701,28.49228,0.208498,-1.225116,69.239055,0.679487
S686,36.182184,28.760046,0.223579,-1.249439,69.239055,0.688271
S687,35.23266,26.38573,0.376159,-0.895115,69.239055,0.625106
S688,33.040677,22.983891,0.438083,-0.631799,69.239055,0.569915
S689,31.033994,20.364596,0.432796,-0.487374,69.239055,0.553174
S690,29.140992,18.027087,0.359753,-0.391607,69.239055,0.549471
S691,22.947911,12.858021,0.314447,-0.251001,69.239055,0.479242
S692,11.402143,7.580214,-0.096805,-0.330254,31.075518,0.598153
S693,11.58647,7.963642,-0.065076,-0.247094,31.075518,3.258969
S694,12.292152,8.934946,-0.251323,-0.311615,31.075518,4.572495
S695,12.214674,8.74578,-0.231063,-0.247564,31.075518,4.639738
S696,8.293387,6.224454,-0.541005,-0.640119,17.455877,4.58401
S697,10.245033,7.705905,-0.040894,-1.4496,21.099852,4.689852
S698,8.920461,6.274043,0.211857,-1.598578,21.099852,4.629504
S699,9.313888,7.044402,0.357711,-0.32639,21.099852,4.655097
S700,11.942573,9.074222,0.219174,-1.147567,25.942835,4.986948
S701,15.653219,11.350894,0.14198,-0.282879,36.148603,4.997212
S702,16.695417,12.373846,0.099962,-0.391939,36.148603,6.429493
S703,17.767819,14.113075,0.162671,-0.136866,36.148603,6.467049
S704,17.893934,14.406432,0.126326,-0.168342,36.148603,6.44893
S705,17.797536,14.126584,0.077451,-0.209559,36.148603,3.807502
S706,17.312793,13.123504,0.095897,-0.199764,36.148603,2.486022
S707,18.917363,15.02455,-0.079791,-0.314964,36.148603,2.440161
S708,20.533541,17.262321,-0.237985,-0.441725,36.148603,2.48813
S709,20.681453,17.40129,-0.208696,-0.441263,36.148603,2.393278
S710,21.216249,18.745151,-0.217004,-0.523631,36.148603,2.439737
S711,21.181845,18.662082,-0.197705,-0.515182,36.148603,2.45311
S712,19.848067,16.836967,0.047612,-0.437904,36.148603,2.126488
S713,16.88504,13.890581,0.094053,-0.270133,27.67287,2.072563
S714,15.710624,12.607555,0.512747,-0.159545,27.67287,0.69698
S715,14.497614,11.01545,0.403363,-0.121638,27.67287,0.726064
S716,14.340475,10.719196,0.618981,-0.053986,27.67287,0.905836
S717,14.284134,10.411997,0.675499,-0.002124,27.67287,0.874177
S718,14.287233,10.429231,0.714573,0.036747,27.67287,0.919341
S719,12.09818,8.573292,0.701935,0.170638,27.67287,0.949063
S720,10.38545,7.719438,0.32082,0.060295,22.767479,1.081071
S721,8.953575,6.958862,0.342134,-0.263943,17.426621,1.11282
S722,8.262142,6.528042,0.602482,-0.803843,17.426621,1.117524
S723,8.09745,6.339662,0.775119,-0.665243,17.426621,1.10522
S724,8.478883,6.803076,0.87719,-1.052133,17.426621,1.145244
S725,10.247964,8.399947,0.851886,-2.025354,19.954423,1.324842
S726,10.147067,8.234767,0.845182,-2.039985,19.954423,1.257805
S727,10.351423,8.684729,0.824603,-2.515961,19.954423,1.252538
S728,10.212759,8.236824,0.791288,-3.086869,19.954423,0.904994
S729,10.221239,8.308369,0.67148,-3.891084,19.954423,0.890728
S730,10.260518,8.427205,0.60176,-5.137244,19.954423,0.860091
S731,10.516218,8.819176,0.529674,-6.290124,19.954423,0.892669
S732,9.675897,8.200594,0.625458,-4.584868,19.954423,0.855869
S733,9.402384,7.98977,0.596357,-3.698218,19.954423,0.966046
S734,9.233856,7.837555,0.450738,-4.861926,19.954423,1.056877
S735,9.549707,8.199608,0.284218,-9.125023,19.954423,1.371281
S736,9.614459,8.261805,0.165654,-9.262794,19.954423,2.159142
S737,8.05414,7.282856,0.210678,-4.559034,11.110678,7.712188
S738,8.128888,7.386113,0.378876,-3.876448,11.110678,14.009681
S739,7.96299,7.164584,0.399418,-3.72965,11.110678,15.565301
S740,8.104401,7.560362,0.5559,-3.804161,11.110678,16.388166
S741,8.296294,7.953721,0.818146,-7.916243,11.110678,17.466062
S742,8.472311,8.214372,0.924992,-11.746302,11.110678,18.163174
S743,8.375843,8.119424,0.921731,-15.851225,11.110678,18.302804
S744,8.099433,7.847442,0.875697,-17.552106,11.110678,18.285318
S745,7.470392,7.124285,0.680075,-7.211088,10.365602,18.112627
S746,7.16511,6.832327,0.714814,-5.035872,10.365602,18.032078
S747,6.513891,6.030294,0.72309,-1.70074,10.348791,17.695582
S748,5.796192,5.254423,0.724599,-0.828545,8.207031,16.856984
S749,5.324787,4.74621,0.719439,-0.634359,7.989245,11.14572
S750,5.139523,4.5667,0.558449,-0.315918,7.989245,4.826728
S751,5.057356,4.464028,0.392329,-0.257346,7.989245,3.231385
S752,4.93545,4.326159,0.150284,-0.30255,7.989245,2.428522
S753,4.714767,4.117794,-0.144347,-0.432612,7.989245,1.366158
S754,4.634588,4.063473,-0.086808,-0.388922,7.989245,1.267185
S755,4.020132,3.407092,0.020909,-0.288808,6.739856,1.009362
S756,3.687138,3.164158,0.085343,-0.274111,6.573946,0.90504
S757,3.735254,3.227624,0.101235,-0.310175,6.573946,0.910629
S758,3.330952,2.796447,0.423037,0.017637,6.573946,0.857715
S759,3.465588,3.017646,0.593717,0.224332,6.573946,1.154942
S760,3.588756,3.213771,0.678993,0.32132,6.573946,1.377439
S761,3.714612,3.365892,0.798671,0.409754,6.573946,99.141851
S762,3.705371,3.357871,0.811943,0.436928,6.573946,99.772626
S763,3.835509,3.475536,0.796945,0.377932,6.573946,100.572236
S764,3.82687,3.466171,0.764042,0.280239,6.573946,100.843345
S765,3.805033,3.443806,0.674907,0.026553,6.573946,101.136517
S766,3.35297,3.070508,0.912234,0.220126,4.876164,100.546182
S767,3.393122,3.211654,0.907572,0.121722,4.876164,100.577845
S768,3.214413,2.949329,0.855749,-0.046444,4.876164,100.555217
S769,3.604322,3.223888,0.66959,-1.167175,6.489087,100.842615
S770,3.777597,3.495442,0.780434,-1.725935,6.489087,100.901749
S771,3.680959,3.353917,0.847056,-0.146897,6.489087,100.611714
S772,3.555354,3.135679,0.857907,0.130689,6.489087,100.387275
S773,3.501335,3.082996,0.834192,0.098169,6.489087,2.643242
S774,3.295087,2.815896,0.816901,0.220239,6.489087,1.992551
S775,3.089952,2.646124,0.772712,0.330021,6.489087,1.189172
S776,2.961036,2.494149,0.717859,0.324926,6.489087,0.906112
S777,2.773701,2.202845,0.598779,0.226352,6.489087,0.58735
S778,2.78763,2.220451,0.572789,0.175414,6.489087,0.580843
S779,3.217573,2.557583,0.605993,0.102967,6.489087,0.862818
S780,3.52017,2.917218,0.657763,0.056877,6.489087,1.016737
S781,3.815522,3.064189,0.241977,0.050195,8.25273,0.747012
S782,5.045115,3.741191,-0.183009,-0.223734,12.108499,0.736623
S783,5.308503,4.096999,-0.260556,-0.3903,12.108499,0.775298
S784,5.324327,4.167381,-0.034008,-0.216795,12.108499,0.825395
S785,5.290317,4.105826,0.188579,-0.049136,12.108499,0.95205
S786,5.390567,4.331313,0.232438,0.022335,12.108499,1.307082
S787,5.396672,4.342642,0.200567,0.025099,12.108499,1.48329
S788,5.478965,4.510691,0.134896,-0.001799,12.108499,1.690469
S789,5.582731,4.812058,0.092608,-0.019137,12.108499,1.912784
S790,5.658301,4.948109,0.069713,-0.033267,12.108499,1.996086
S791,5.402668,4.507238,0.177546,0.029431,12.108499,1.689545
S792,5.207025,4.101494,0.329424,0.09165,12.108499,1.529017
S793,4.637151,3.487754,0.177373,0.017422,12.108499,1.496007
S794,3.05557,2.544111,0.455183,-0.058491,5.967003,1.446203
S795,2.532839,2.108678,0.924859,0.305036,3.938242,1.401324
S796,2.517636,2.082379,0.949993,0.465548,3.938242,1.354967
S797,2.702035,2.223514,0.919545,0.517207,4.256675,1.208741
S798,2.871265,2.331326,0.904474,0.540124,5.020996,0.875305
S799,2.848977,2.308882,0.903037,0.517709,5.020996,0.69849
S800,2.648965,2.047171,0.874126,0.481162,5.020996,0.482562
S801,2.432811,1.802438,0.80328,0.381856,5.020996,0.268116
S802,2.20614,1.615956,0.722646,0.288634,5.020996,0.162509
S803,2.201033,1.586891,0.674109,0.18169,5.020996,0.156312
S804,2.237674,1.693475,0.594545,0.159207,5.020996,0.17084
S805,2.377376,1.862801,0.154035,-0.048653,5.020996,0.193612
S806,2.425087,1.950279,0.02109,-0.098211,5.020996,0.204991
S807,2.884714,2.343652,-0.253542,-0.42725,5.462292,0.237354
S808,3.426424,2.779831,-0.293725,-0.978076,6.536118,0.277258
S809,4.16188,3.193809,-0.509749,-1.622064,9.224406,0.305386
S810,5.43386,3.867274,-0.750916,-1.748043,13.102575,0.336296
S811,5.487704,3.957783,-0.402941,-0.849843,13.102575,0.64025
S812,5.496562,4.013883,-0.277538,-0.643302,13.102575,0.662344
S813,6.324457,4.854622,-0.315745,-0.768386,13.102575,0.709299
S814,6.683641,5.352791,-0.292556,-0.928628,13.102575,0.734108
S815,7.845859,6.52145,-0.132461,-0.854156,14.236665,0.786755
S816,7.887678,6.666282,-0.144085,-0.766018,14.236665,0.825192
S817,7.853274,6.541597,-0.059641,-0.818886,14.236665,0.801392
S818,7.854882,6.548332,-0.059218,-0.790664,14.236665,0.804956
S819,7.699394,6.168354,-0.115758,-0.691784,14.236665,0.77596
S820,7.512765,5.868804,-0.065244,-0.598199,14.236665,0.744982
S821,7.194039,5.54763,0.096504,-0.417404,14.236665,0.717119
S822,6.280652,4.863879,0.301323,-0.187193,14.236665,0.685041
S823,6.249767,4.807885,0.084922,-0.578048,14.236665,0.383607
S824,6.310748,4.979398,-0.243789,-1.066454,14.236665,0.380889
S825,5.488683,4.180788,-0.094856,-0.668038,14.236665,0.335844
S826,5.022307,3.571451,0.064708,-0.367873,14.236665,0.29259
S827,2.888844,2.416779,0.728604,0.051699,5.370314,0.241599
S828,2.811539,2.333307,0.506023,-0.127518,5.370314,0.211115
S829,2.78372,2.247865,0.534076,-0.037672,5.370314,0.203242
S830,2.848971,2.325116,0.230585,-0.236803,5.370314,0.205679
S831,4.574035,3.285641,0.207204,-0.323362,12.42886,0.24364
S832,5.140406,3.760644,0.32765,-0.301066,12.42886,0.261688
S833,5.841871,4.230861,-0.118145,-0.205966,12.42886,1.361041
S834,5.932468,4.328165,-0.206206,-0.236476,12.42886,1.408031
S835,6.257365,4.698764,-0.09118,-0.134479,12.42886,2.031533
S836,6.731019,5.192803,-0.123504,-0.179125,12.42886,2.465534
S837,7.974785,6.325225,-0.30243,-0.489039,14.870398,4.148132
S838,8.348792,7.008618,-0.331393,-0.579046,14.870398,4.360497
S839,8.700068,7.684062,-0.358225,-0.679495,14.870398,4.553616
S840,8.683773,7.596169,-0.320493,-0.674117,14.870398,4.543252
S841,8.718685,7.790424,-0.360646,-0.604164,14.870398,4.557342
S842,8.969703,8.206334,-0.442504,-0.493722,14.870398,4.570779
S843,8.707788,7.999403,-0.479641,-0.603474,14.870398,4.567686
S844,8.388622,7.531999,-0.324872,-0.649762,14.870398,4.545442
S845,7.914234,7.05896,-0.266916,-0.613827,14.870398,3.466985
S846,7.777725,6.830935,-0.254119,-0.564705,14.870398,3.422627
S847,7.465143,6.224244,-0.416897,-0.640977,14.870398,2.779499
S848,9.475751,7.309052,-0.498106,-0.389512,22.208164,2.380518
S849,8.449233,6.117356,-0.278312,-0.276724,22.208164,0.693303
S850,8.362216,6.026153,-0.234703,-0.384226,22.208164,0.51341
S851,7.995389,5.325527,-0.1166,-0.45383,22.208164,0.317175
S852,10.214683,7.072565,-0.247461,-0.656866,22.208164,0.361513
S853,12.767729,9.068033,-0.304724,-0.774497,26.674914,0.405257
S854,12.677774,8.900406,-0.37963,-0.579265,26.674914,0.442366
S855,12.356295,8.199107,-0.387663,-0.492555,26.674914,0.407598
S856,12.341324,8.128202,-0.425034,-0.420833,26.674914,0.413966
S857,12.259572,7.857176,-0.009116,-0.293104,26.674914,0.418805
S858,12.272279,7.900598,0.202595,-0.198271,26.674914,0.508209
S859,12.289212,8.064412,0.324889,-0.118038,26.674914,0.570607
S860,10.520335,6.464217,0.416888,0.049232,26.674914,0.611968
S861,10.714896,7.005401,0.375451,0.05927,26.674914,0.846345
S862,10.571717,6.748468,0.353694,0.060132,26.674914,0.841642
S863,10.66829,7.155426,0.393618,0.068666,26.674914,0.864156
S864,9.027475,6.144403,0.283602,0.079683,26.674914,1.083808
S865,7.955738,5.772043,0.288053,-1.631179,22.206588,1.260324
S866,10.787304,7.445147,0.246278,-3.82631,25.899013,1.457573
S867,12.734384,9.275396,0.397852,-6.152087,25.899013,1.613368
S868,15.153643,11.47169,0.428055,-8.998699,28.537359,1.848251
S869,18.482678,14.357673,0.347604,-14.723847,36.715956,2.190231
S870,18.617864,14.758567,0.311816,-15.717485,36.715956,2.242614
S871,18.902965,15.533506,0.273864,-15.917891,36.715956,2.577866
S872,19.114289,16.13873,0.23687,-16.243647,36.715956,2.832805
S873,19.189713,16.316402,0.223368,-16.434595,36.715956,2.895295
S874,19.328412,16.711535,0.397887,-17.250322,36.715956,3.091301
S875,19.379463,16.877393,0.817067,-38.290422,36.715956,3.142378
S876,19.336816,16.789462,0.70336,-35.538967,36.715956,2.93582
S877,18.318711,15.418241,0.645074,-31.609248,36.715956,2.757141
S878,16.933203,14.026735,0.22767,-13.044588,36.715956,2.525889
S879,15.518491,12.1526,0.078204,-11.695716,36.715956,2.369607
S880,13.208327,10.128207,0.067678,-7.684024,36.715956,2.26
S881,8.013993,7.487135,0.127508,-1.906791,11.551625,2.230566
S882,7.729047,7.148896,0.246398,-1.502773,11.551625,2.466889
S883,7.199586,6.703936,0.363856,-1.056206,10.268517,3.130399
S884,6.81739,6.382833,0.445105,-0.754028,9.200944,3.873129
S885,6.555044,6.159572,0.505366,-0.535192,9.200944,5.81714
S886,6.632269,6.213431,0.506363,-0.50169,9.777417,6.644271
S887,6.407906,5.937126,0.492724,-0.426276,9.777417,6.617256
S888,5.996812,5.54556,0.364292,-0.200952,9.777417,6.576348
S889,5.82983,5.321547,0.381514,-0.049945,9.777417,6.539182
S890,9.657174,6.905846,0.301014,0.059735,28.212524,6.560474
S891,9.660845,6.935812,0.304866,0.061632,28.212524,6.562956
S892,9.678247,6.973451,0.276576,0.058933,28.212524,6.448012
S893,9.870292,7.253479,0.191794,0.022577,28.212524,6.125913
S894,10.576927,8.03237,-0.053137,-0.098319,28.212524,5.775013
S895,10.552608,7.989213,-0.123901,-0.199271,28.212524,4.753555
S896,10.468135,7.825861,-0.181687,-0.331662,28.212524,3.689009
S897,12.57155,9.364459,-0.339745,-0.657911,28.212524,1.507464
S898,13.760196,10.358578,-0.060093,-1.071424,28.212524,0.513822
S899,13.940229,10.767866,0.183261,-1.406605,28.212524,0.506823
S900,14.04357,11.02209,0.133489,-1.557701,28.212524,0.512973
S901,14.344001,11.647624,0.173855,-1.847884,28.212524,0.533463
S902,12.165463,10.142009,0.108789,-2.277339,24.980351,0.511748
S903,12.207808,10.34292,0.085444,-2.596428,24.980351,0.523977
S904,12.179437,10.260599,0.247202,-2.234588,24.980351,0.527293
S905,12.016759,9.962047,0.24504,-1.247433,24.980351,0.645754
S906,11.444092,9.280832,0.35428,-0.591636,24.980351,1.101012
S907,11.538004,9.442729,0.329485,-0.33547,24.980351,15.459749
S908,11.515044,9.377613,0.432557,-0.18069,24.980351,15.660796
S909,9.159607,7.820613,0.603665,0.070857,21.706846,15.925388
S910,7.067244,6.677112,0.590295,0.204627,10.570193,16.190846
S911,7.768877,7.13733,0.173253,-0.062785,14.070634,16.453033
S912,8.023967,7.371123,0.167218,-0.298623,14.070634,16.516623
S913,13.774884,9.840325,0.061822,-4.734433,40.200614,17.095199
S914,13.775577,9.841266,0.343745,-6.558665,40.200614,17.105157
S915,13.737002,9.629082,0.390971,-4.539263,40.200614,17.086927
S916,13.950744,10.087295,0.457406,-4.59036,40.200614,17.128259
S917,14.169107,10.50683,0.449889,-4.565397,40.200614,17.034717
S918,14.10597,10.313334,0.376348,-4.482512,40.200614,16.541739
S919,13.941103,9.817231,0.238354,-5.005865,40.200614,2.151767
S920,13.964184,9.895014,0.09997,-6.14947,40.200614,1.959087
S921,13.997884,9.965155,-0.050171,-7.891053,40.200614,1.703695
S922,13.958184,9.891591,-0.189588,-10.09333,40.200614,1.466255
S923,13.441965,9.161954,-0.173631,-11.244266,40.200614,1.224393
S924,13.179928,8.667208,-0.128673,-10.653405,40.200614,1.167144
S925,6.344187,5.635006,0.603552,-1.923963,10.156433,0.591412
S926,5.684656,5.023635,0.489748,-1.806686,9.835216,0.569498
S927,5.800982,5.270331,0.616471,-3.598947,9.835216,0.654945
S928,5.236946,4.767388,0.716042,-1.911987,9.835216,0.658218
S929,4.482307,4.193828,0.793612,-0.772795,7.138032,0.735505
S930,4.463834,4.168802,0.76885,-1.097339,7.138032,0.835937
S931,4.587535,4.364633,0.938276,-1.781633,7.138032,1.169181
S932,4.427854,4.146333,0.929433,-1.960828,7.138032,1.177127
S933,3.985494,3.760509,0.928866,-1.672219,7.102069,1.16339
S934,3.56103,3.457353,0.720838,-0.638732,5.314991,1.104026
S935,3.281537,3.206279,0.71556,-0.452647,4.18812,1.073733
S936,3.083139,2.968422,0.718005,0.023121,4.18812,1.040502
S937,4.128355,3.504481,0.785847,0.433415,10.246893,1.034489
S938,5.05277,4.142688,0.902456,0.497695,10.478469,1.042721
S939,6.573142,5.056526,0.935129,0.444086,15.15417,0.998516
S940,6.510316,4.829107,0.921847,0.429798,15.15417,0.922241
S941,6.684173,5.084762,0.918088,0.361638,15.15417,0.806923
S942,6.765925,5.222884,0.908546,0.273537,15.15417,0.713847
S943,6.719025,5.132278,0.870454,0.1961,15.15417,0.414289
S944,6.91564,5.467485,0.839938,0.175578,15.15417,0.595909
S945,6.933505,5.512056,0.80883,0.060087,15.15417,0.55854
S946,6.861148,5.235983,0.887328,0.105822,15.15417,0.530606
S947,6.843209,5.171879,0.882395,0.063148,15.15417,0.513771
S948,6.835103,5.104533,0.899732,0.108534,15.15417,0.509327
S949,6.161904,4.255825,0.887746,0.195757,15.15417,0.469941
S950,5.494799,3.72095,0.873207,0.256441,15.15417,0.541988
S951,3.552121,2.818907,0.727158,0.269997,6.020345,0.647736
S952,3.613292,2.976663,0.763878,0.257391,6.020345,0.684111
S953,3.359539,2.797845,0.679106,0.141776,6.009946,0.801594
S954,3.433174,2.846852,0.429861,-0.340933,6.009946,0.985264
S955,3.883707,3.180103,0.34636,-0.457851,6.94547,1.587292
S956,3.820013,3.137466,0.484638,-0.394,6.94547,1.594675
S957,4.203287,3.450068,0.359908,-1.078471,6.94547,2.233804
S958,5.360004,4.397662,-0.153301,-2.554601,11.52246,3.258031
S959,5.855868,4.962585,-0.204988,-5.877177,11.52246,3.487116
S960,6.547609,5.773957,-0.03911,-11.19633,11.52246,3.705295
S961,6.806317,6.305344,0.5338,-9.739218,11.52246,3.766913
S962,8.982493,7.692625,0.570074,0.071478,20.707344,3.70463
S963,10.682466,9.039452,0.506313,0.166884,20.707344,3.605914
S964,11.933237,10.392431,0.428078,0.145478,20.707344,3.620445
S965,14.670033,12.553815,0.302166,0.052217,29.811151,3.532996
S966,17.574227,14.933519,0.069355,-0.119808,33.953696,3.388014
S967,20.370356,17.384003,-0.179911,-0.363532,36.351272,2.810816
S968,22.062434,19.414433,-0.397777,-0.673963,36.351272,2.640169
S969,23.324026,21.104831,-0.618453,-1.136068,36.351272,2.041381
S970,25.619119,23.351299,-0.645843,-1.927619,38.480076,1.084624
S971,27.326464,25.489329,-0.72964,-3.496927,38.480076,0.910345
S972,28.293892,26.923443,-0.65855,-7.932121,38.480076,0.753105
S973,28.595547,27.697585,-0.065983,-18.013317,38.480076,0.74971
S974,28.449958,27.483806,0.164593,-13.60666,38.480076,0.764921
S975,28.0714,26.840576,0.346418,-9.721186,38.480076,0.764519
S976,27.635094,25.900997,0.179073,-6.986015,38.480076,0.746141
S977,26.396212,24.187033,-0.158139,-5.525343,38.480076,0.724849
S978,24.523028,21.597352,-0.415532,-4.376229,38.480076,0.671862
S979,22.234544,19.077486,-0.258785,-3.344942,38.480076,0.643512
S980,20.495355,16.605913,-0.236548,-2.244371,38.480076,0.576991
S981,19.012521,14.807802,-0.385885,-1.555902,38.480076,0.579492
S982,15.54628,12.149148,-0.517477,-1.318291,33.968283,0.598119
S983,12.114688,9.638943,-0.591073,-1.290081,27.364936,0.566511
S984,9.365688,7.887189,-0.260056,-1.573909,18.14199,0.531563
S985,8.31445,6.987768,-0.203067,-1.339713,18.14199,0.506931
S986,8.011925,6.844892,0.388946,0.015311,16.427481,0.480184
S987,11.123727,8.249326,0.517299,0.163876,29.626026,0.478132
S988,13.8525,10.100804,0.537314,0.103624,29.626026,0.494226
S989,14.003118,10.301583,0.565977,0.10834,29.626026,0.48711
S990,13.978524,10.074059,0.551933,0.112597,29.626026,0.473701
S991,14.315791,10.591649,0.488996,0.116783,29.626026,0.600395
S992,15.228583,12.073806,0.269369,0.045212,29.626026,0.973335
S993,15.699538,12.808653,0.144068,0.005924,29.626026,1.158943
S994,16.40353,13.738363,-0.067756,-0.056577,29.626026,1.492325
S995,17.055576,14.803802,-0.239706,-0.07738,29.626026,2.122105
S996,17.533307,15.562192,-0.198183,-0.052494,29.626026,2.735499
S997,17.776554,16.091589,-0.211986,-0.056439,29.626026,2.840059
S998,17.132358,14.728019,-0.362101,-0.116803,29.626026,2.803637
S999,15.197654,13.198721,-0.308662,-0.388349,29.514281,2.823076
S1000,14.873249,13.0275,-0.325175,-2.608875,27.459628,3.408049
S1001,17.265423,14.767467,-0.412582,-9.579315,32.532543,7.298219
S1002,19.366558,17.287828,-0.396768,-17.38962,32.532543,8.709485
S1003,21.161676,18.928689,-0.455388,-19.581833,32.532543,11.1633
S1004,20.752249,18.333672,-0.318185,-18.102738,32.532543,11.329477
S1005,20.478497,17.835644,-0.207136,-17.103402,32.532543,11.440268
S1006,19.951329,16.996328,-0.117225,-15.75706,32.532543,11.410734
S1007,19.528328,16.337813,-0.115794,-15.357256,32.532543,10.931917
S1008,19.016577,15.163508,-0.211986,-13.300944,32.532543,10.2984
S1009,18.97559,15.091802,-0.178907,-13.197113,32.532543,10.436205
S1010,19.366892,16.204592,-0.129233,-25.544207,32.532543,10.721311
S1011,19.712272,16.681916,-0.256576,-49.526423,32.532543,10.839139
S1012,18.134325,14.903189,-0.209715,-21.884477,32.532543,10.241714
S1013,15.526127,12.37565,-0.196061,-11.164167,32.014301,6.3313
S1014,12.89317,10.265687,-0.064455,-7.872712,32.014301,5.004881
S1015,9.084535,7.974719,0.372207,-3.62834,17.00233,2.539961
S1016,8.676365,7.532519,0.443373,-3.162089,17.00233,2.353301
S1017,8.462326,7.258814,0.490566,-2.815252,17.00233,2.440864
S1018,8.322545,7.080894,0.511888,-2.658043,17.00233,2.381696
S1019,8.111298,6.843202,0.553229,-2.237089,17.00233,2.656701
S1020,8.502791,7.475264,0.333838,-1.57401,17.00233,2.691372
S1021,8.36912,7.359405,0.255191,-0.761236,17.00233,2.454926
S1022,7.817509,6.952747,0.3202,-0.480653,17.00233,2.575418
S1023,6.458264,6.160764,0.38809,0.08334,9.037671,2.430389
S1024,6.429157,6.129109,0.260946,0.060004,9.037671,2.435365
S1025,6.398454,5.974824,0.143981,-0.011622,9.037671,2.428349
S1026,6.400397,5.977268,0.280154,0.066287,9.037671,4.390939
S1027,6.375422,5.940167,0.346749,0.10432,9.037671,4.996349
S1028,6.319872,5.871453,0.413476,0.145217,9.037671,6.536729
S1029,6.334946,5.889903,0.424044,0.150737,9.037671,7.447076
S1030,6.216798,5.726853,0.46035,0.175713,9.037671,7.269874
S1031,6.099731,5.583067,0.471707,0.185972,9.037671,6.92837
S1032,5.580379,5.060136,0.432811,0.132444,9.037671,6.918993
S1033,5.114555,4.696941,0.145716,-0.375225,8.538221,6.978352
S1034,4.895849,4.554469,0.506966,0.174532,7.498536,6.608524
S1035,4.485968,4.194204,0.516982,0.058349,6.828558,6.611563
S1036,4.314707,4.036918,0.678739,-0.015174,6.828558,6.615501
S1037,4.314215,4.030072,0.751013,0.040295,6.828558,6.61212
S1038,4.196778,3.917093,0.604707,0.096385,6.828558,4.596337
S1039,4.394479,4.084254,0.354816,0.037922,6.828558,3.879449
S1040,4.441202,4.125798,0.097356,-0.097747,6.828558,2.025155
S1041,4.558748,4.216602,-0.061396,-0.219001,6.828558,0.703081
S1042,5.10669,4.647043,-0.307188,-0.490632,8.73459,0.594519
S1043,5.667195,5.090354,-0.201349,-0.620125,9.470903,0.516041
S1044,6.853645,6.003016,0.102988,-0.56113,13.61445,0.528701
S1045,9.601264,7.592897,0.38177,-0.572259,23.757901,0.487782
S1046,12.723247,9.500113,0.19655,-0.669859,29.715151,0.519203
S1047,12.727243,9.515667,0.237078,-0.64085,29.715151,0.532257
S1048,12.711112,9.456973,0.461455,-0.551016,29.715151,0.55726
S1049,12.711695,9.47626,0.561109,-0.501205,29.715151,0.562035
S1050,12.680656,9.342305,0.618544,-0.34095,29.715151,0.62465
S1051,12.6332,9.231448,0.669671,-0.169484,29.715151,118.736055
S1052,12.587846,9.102806,0.71015,-0.054194,29.715151,119.536208
S1053,12.538432,8.994252,0.724596,0.034119,29.715151,120.99216
S1054,12.3906,8.738285,0.716167,0.101551,29.715151,121.671408
S1055,12.118161,8.206867,0.676555,0.125038,29.715151,121.686701
S1056,11.479377,7.248488,0.618391,0.126681,29.715151,121.655799
S1057,9.367118,5.768938,0.456609,0.129336,29.715151,121.627578
S1058,4.636322,4.074505,0.935814,0.594251,9.381952,121.591542
S1059,4.827492,4.273149,0.953374,0.623482,9.381952,121.559901
S1060,4.932865,4.404044,0.957872,0.627171,9.381952,121.512183
S1061,4.965274,4.531106,0.938823,0.656794,9.381952,121.513899
S1062,5.080516,4.71101,0.938126,0.627684,9.381952,121.44259
S1063,4.893743,4.355495,0.924998,0.600223,9.381952,3.289609
S1064,4.786376,4.133776,0.890853,0.537213,9.381952,2.456768
S1065,4.684588,4.024524,0.805667,0.435267,9.381952,1.000462
S1066,4.600153,3.949313,0.674006,0.283007,9.381952,0.333447
S1067,5.57674,4.63737,0.577045,-0.005955,11.350574,0.314286
S1068,5.674455,4.811425,0.563561,-0.071158,11.350574,0.314548
S1069,5.465228,4.547896,0.626111,0.093722,11.350574,0.295024
S1070,7.64852,5.497304,0.376954,-0.162394,20.774857,0.315808
S1071,8.305494,6.068592,0.259847,-0.336694,20.774857,0.338179
S1072,8.286632,6.033863,0.324507,-0.270567,20.774857,0.344117
S1073,8.336671,6.177846,0.422921,-0.062866,20.774857,0.406339
S1074,8.267877,6.001508,0.531614,0.115003,20.774857,0.439749
S1075,8.297286,6.16646,0.600287,0.212024,20.774857,0.508152
S1076,8.328384,6.306099,0.652238,0.275591,20.774857,0.570767
S1077,8.360313,6.370416,0.704415,0.32539,20.774857,0.707029
S1078,8.466135,6.526667,0.724064,0.345593,20.774857,0.886005
S1079,8.014789,6.105007,0.660376,0.354416,20.774857,0.951631
S1080,8.842597,6.88861,0.414599,0.159721,20.774857,1.078268
S1081,10.367469,8.232092,0.105289,-0.313627,20.774857,1.46662
S1082,9.6101,7.818549,0.08732,-2.507711,18.962746,1.574931
S1083,11.105779,8.688016,0.570508,-12.653871,23.034791,1.715633
S1084,11.240199,8.945177,0.796867,-13.732679,23.034791,1.74114
S1085,11.914401,9.815132,0.816106,-10.886038,23.034791,1.767055
S1086,11.899493,9.692089,0.5989,-6.834052,23.034791,1.713687
S1087,11.918753,9.770234,0.397809,-6.402791,23.034791,1.663021
S1088,11.932411,9.824285,0.209073,-6.830427,23.034791,1.61593
S1089,11.886044,9.671345,0.034413,-8.806705,23.034791,1.465543
S1090,11.763232,9.370828,-0.19249,-12.686404,23.034791,1.253113
S1091,11.643448,9.04949,-0.361507,-15.935732,23.034791,1.168486
S1092,11.291043,8.697992,-0.158157,-10.216448,23.034791,1.257667
S1093,10.426639,8.083537,-0.02042,-8.939974,23.034791,1.07756
S1094,9.521169,7.246613,0.050393,-7.16954,23.034791,0.979288
S1095,7.281442,6.067741,-0.1126,-2.080687,14.191957,0.82751
S1096,6.977532,5.584506,-0.089983,-1.816963,14.191957,0.783695
S1097,5.688958,4.598184,-0.240286,-0.869064,11.58929,0.709178
S1098,5.728181,4.741384,-0.361203,-1.227374,11.58929,0.729097
S1099,5.800002,4.84432,-0.34816,-1.478404,11.58929,0.745512
S1100,6.079527,5.161223,-0.396546,-1.58786,11.58929,0.767024
S1101,6.527685,5.658751,-0.464865,-1.664935,11.58929,0.793471
S1102,7.557613,6.534422,-0.548176,-1.563132,13.5373,0.827439
S1103,8.553768,7.505682,-0.517338,-1.314445,14.08973,0.861588
S1104,8.33164,7.270594,-0.43039,-1.712397,14.08973,0.666713
S1105,8.812884,7.577721,-0.068733,-1.840168,15.274817,0.502181
S1106,11.422557,9.249111,0.579117,-1.363638,25.825935,0.501364
S1107,14.70343,11.281796,0.780671,-0.966726,33.280546,0.52645
S1108,14.702494,11.272808,0.587687,-1.023825,33.280546,0.522927
S1109,14.691269,11.181613,0.369115,-1.126432,33.280546,0.508415
S1110,14.904811,11.732991,0.288497,-1.419525,33.280546,0.520572
S1111,14.848812,11.449444,0.160535,-1.289115,33.280546,0.496133
S1112,14.764539,11.236646,0.062268,-0.957057,33.280546,0.534179
S1113,14.562939,10.683511,0.038359,-0.728005,33.280546,0.510724
S1114,14.097532,9.95673,0.089598,-0.437929,33.280546,0.550653
S1115,13.669723,9.406035,0.170552,-0.213241,33.280546,0.933885
S1116,13.680846,9.428729,0.231474,-0.111142,33.280546,1.227832
S1117,13.012478,8.521248,0.373628,-0.007832,33.280546,1.261901
S1118,10.670658,6.469062,0.344241,0.082814,33.280546,1.207361
S1119,4.696883,3.899261,0.727892,0.342303,9.039347,1.157767
S1120,5.150922,4.398911,0.643272,0.185583,9.039347,1.212489
S1121,5.771288,5.052516,0.581458,-0.065411,9.105013,1.314629
S1122,6.818932,5.590206,0.528142,-1.602921,15.491628,2.158868
S1123,8.12478,6.766519,0.424534,-2.628128,15.491628,2.501891
S1124,10.447713,8.318521,0.166542,-4.815391,23.211044,3.068513
S1125,11.303822,9.406817,0.14723,-5.546354,23.211044,3.515453
S1126,11.916971,10.166329,0.113062,-5.930333,23.211044,4.078389
S1127,12.32186,10.641299,0.007988,-6.673756,23.211044,4.049221
S1128,12.524036,10.933592,-0.085645,-7.124514,23.211044,4.051857
S1129,12.974588,11.612635,-0.157168,-7.563524,23.211044,4.309176
S1130,13.320747,12.389316,-0.090984,-13.299081,23.211044,4.479739
S1131,13.761318,13.203452,0.002606,-36.133997,23.211044,4.895149
S1132,13.897787,13.41879,0.18151,-80.904398,23.211044,5.8112
S1133,13.913502,13.442423,0.383819,-182.762288,23.211044,6.157573
S1134,13.266445,12.599808,0.088698,-101.089416,23.211044,5.354328
S1135,12.564832,11.676113,0.040015,-92.838243,23.211044,5.120822
S1136,10.747864,10.201717,0.155272,-63.403132,15.085209,4.753385
S1137,9.915115,9.32721,0.274876,-50.648837,13.930073,4.526297
S1138,9.138759,8.505241,0.371396,-44.183883,13.181029,4.015106
S1139,8.4063,7.775067,0.381942,-37.22074,12.533564,3.739853
S1140,7.944896,7.251535,0.369943,-33.067612,12.533564,3.518037
S1141,7.2791,6.703288,0.384491,-27.649307,12.212562,3.341001
S1142,6.843814,6.332828,0.140251,-31.385697,12.212562,3.318571
S1143,6.014478,5.698633,0.233398,-22.865411,10.056375,2.995133
S1144,5.546822,5.362336,0.549604,-19.631364,9.388608,2.550229
S1145,4.900612,4.802486,0.739921,-15.346873,6.074359,2.153149
S1146,4.674641,4.498044,0.202034,-29.85708,6.074359,2.11935
S1147,4.524183,4.248066,-0.006253,-20.94943,6.074359,2.020753
S1148,4.2347,3.801402,-0.210633,-15.141693,6.074359,1.741396
S1149,4.023686,3.452841,-0.408702,-14.480337,6.074359,1.50185
S1150,3.963511,3.387431,-0.226038,-12.168027,6.074359,1.522812
S1151,3.818805,3.223535,-0.186861,-11.310476,6.074359,1.460609
S1152,3.686709,3.063976,-0.16095,-10.490284,6.074359,1.406216
S1153,3.321637,2.749469,-0.138607,-8.386895,6.074359,1.290292
S1154,2.837777,2.332027,-0.210578,-5.411089,6.020807,1.15572
S1155,2.582092,2.126285,-0.556331,-2.239035,6.020807,1.075792
S1156,1.913266,1.658988,-0.26226,-1.613476,3.281534,0.548098
S1157,1.901474,1.650399,-0.365439,-1.437038,3.281534,0.56309
S1158,1.930007,1.679175,-0.378936,-1.529687,3.281534,0.569288
S1159,1.904629,1.628822,-0.445024,-1.502576,3.281534,0.559065
S1160,1.922062,1.691348,-0.408869,-1.736194,3.281534,0.577199
S1161,1.971245,1.788141,-0.371235,-1.980103,3.281534,0.610798
S1162,1.834686,1.692077,-0.500568,-2.391883,2.567351,0.499146
S1163,3.607314,2.407318,0.004628,-0.015533,11.035077,0.485177
S1164,3.637542,2.452549,-0.026782,-0.02526,11.035077,0.507934
